collection_id,name,poster_path,backdrop_path
86066,Despicable Me Collection,/xIXhIlZDRmSSfNbpN7kBCm5hg39.jpg,/15IZl405E664QDVxpFJBl7TtLmw.jpg
468552,Wonder Woman Collection,/yEczguvMSFJRuUiOFgWXsZG3CsG.jpg,/n9KlvCOBFDmSyw3BgNrkUkxMFva.jpg
448150,Deadpool Collection,/30c5jO7YEXuF8KiWXLg9m28GWDA.jpg,/hBQOWY8qWXJVFAc8yLTh1teIu43.jpg
284433,Guardians of the Galaxy Collection,/iL8mukexAqEg0xK783rG561tdd8.jpg,/jdyyjulTBU8YUYAUvQFj6U1g2Pj.jpg
87096,Avatar Collection,/nslJVsO58Etqkk17oXMuVK4gNOF.jpg,/9s4BM48NweGFrIRE6haIul0YJ9f.jpg
404609,John Wick Collection,/uGhPxTrmT5yASzZrR1oz1ft9UWr.jpg,/fSwYa5q2xRkBoOOjueLpkLf3N1m.jpg
131635,The Hunger Games Collection,/ttbKy12hDjSHQcM7sCoeW1WsDlW.jpg,/zWiiLNg8yXv0he3tCH6XignPaYV.jpg
173710,Planet of the Apes (Reboot) Collection,/qQrEMycfVN2gRlKTLWGn0QdOnSk.jpg,/mepJpyqVtD6P65vgCU1ngGFEjs5.jpg
131295,Captain America Collection,/2tOgiY533JSFp7OrVlkeRJvsZpI.jpg,/nZSYqitBkAvmoq5IrsGsSWuhSC8.jpg
295,Pirates of the Caribbean Collection,/zT5UKFhq9nk97VGlBbAxlAK8UFN.jpg,/cnKAGbX1rDkAquF2V1wVkptHDJO.jpg
263,The Dark Knight Collection,/bqS2lMgGkuodIXtDILFWTSWDDpa.jpg,/xfKot7lqaiW4XpL5TtDlVBA9ei9.jpg
422837,Blade Runner Collection,/foT46aJ7QPUFDl3CK8ArDl0JaZX.jpg,/57zhlMYblPute6qb8v16ZmGSPVv.jpg
86311,The Avengers Collection,/qJawKUQcIBha507UahUlX0keOT7.jpg,/zuW6fOiusv4X9nnW3paHGfXcSll.jpg
295130,The Maze Runner Collection,/beR71cbwXH0vySlTMPZo0GQ54Q9.jpg,/eQ8iwAvGfuNnPjBCKTIVp5PsFw.jpg
135416,Prometheus Collection,/gMjiXB5dhV8nN77xXnhTIhARE7a.jpg,/cK83Pq8SJoeSTnLJucr8IWn35KF.jpg
117777,Undisputed Collection,/5STwD6qvkxjnxdSyQHNxIJu59FC.jpg,/6xtQ7VgMiqMLZ2vvNEM7HzMHxxe.jpg
131296,Thor Collection,/yw7gr7DhHHVTLlO8Se8uH17TDMA.jpg,/3KL8UNKFWgIKXzLHjwY0uwgjzYl.jpg
453993,The Wolverine Collection,/8Ht4a5A5Ypxh0PjbVoRTzm1kAu3.jpg,/QtSxEuCwcZSfCTMZfER3nHDVsG.jpg
9485,The Fast and the Furious Collection,/mCkqJf4ijbNoBWvJ0RTWZJuhJUA.jpg,/z5A5W3WYJc3UVEWljSGwdjDgQ0j.jpg
10,Star Wars Collection,/ghd5zOQnDaDW1mxO7R5fXXpZMu.jpg,/d8duYyyC9J5T825Hg7grmaabfxQ.jpg
266672,Ted Collection,/uHKT9b6ptLpttGHlUF95sKQbtqF.jpg,/dGrNuWhapf8T0WH98xTC4LXgk1G.jpg
230,The Godfather Collection,/7SJVjEDoo7xH62TS8stkqRk4Byo.jpg,/3WZTxpgscsmoUk81TuECXdFOD0R.jpg
435259,Fantastic Beasts Collection,/wsVseA7i3FqX24m26Z2gD3EtH4l.jpg,/jc1Sh8U6dvWv9rHaRl8aosTAoPN.jpg
382685,Now You See Me Collection,/n0ygWnRip5RYnejdI6Lpwxov0x7.jpg,/scBzORmLqP00h8hPKS19TLtyRQm.jpg
8650,Transformers Collection,/vOUPHWV8aGXq4yYQ2csje5LdT6g.jpg,/zvZBNNDWd5LcsIBpDhJyCB2MDT7.jpg
1241,Harry Potter Collection,/8Xmkc1HvCOpMlbFvVabrtr6HAsp.jpg,/wfnMt6LGqYHcNyOfsuusw5lX3bL.jpg
119674,Psycho Collection,/29pDqAgmb4idzWzuZncoT7LZplA.jpg,/bPQZkZjNnsYuPZWzoRRl9k0VSQ8.jpg
127280,The Three Mothers Collection,/8T1ukxvmMBOwnOVg0wm7MMBRBpl.jpg,/8xCFLABKIDU90t9DAN3JdNAuX4D.jpg
33514,The Twilight Collection,/2o4zgGjVryMOPdNqLZWsSPqRkOH.jpg,/rv5b06YAvmekw0D6Ul2ps9JbH4C.jpg
363369,Pacific Rim Collection,/niTMK5k486sPBCphbvmRIZ7xBGK.jpg,/vbg4Mm8auNINPersFlYvyGLqFq0.jpg
1575,Rocky Collection,/mCY5dMkSSFQufGCViI6jNUU6pXq.jpg,/w4h6gjdWPvmu5R9H6zeGDPo1ZuV.jpg
2344,The Matrix Collection,/lh4aGpd3U9rm9B8Oqr6CUgQLtZL.jpg,/RhUxjzNojIJsdZSYTn0CQvdKsn.jpg
344830,Fifty Shades Collection,/oJrMaAhQlV5K9QFhulFehTn7JVn.jpg,/fUHFCnqGHozSiEF8yT7dhE1OKnY.jpg
328,Jurassic Park Collection,/qIm2nHXLpBBdMxi8dvfrnDkBUDh.jpg,/pJjIH9QN0OkHFV9eue6XfRVnPkr.jpg
119,The Lord of the Rings Collection,/p4UokEk2XnjjRTdXGe6DLYXlbI1.jpg,/bccR2CGTWVVSZAG0yqmy3DIvhTX.jpg
121938,The Hobbit Collection,/hm2VtxeCBqWJnPNmvXPPXiHydyp.jpg,/7wO7MSnP5UcwR2cTHdJFF1vP4Ie.jpg
209131,Man of Steel Collection,/rNnIW6xSPeTiIUtsfEhFeIRiJVv.jpg,/csERw2A3XIsGegkzil6UGpyhqfw.jpg
125574,The Amazing Spider-Man Collection,/moNJa86FgDYy8SWeDym2gnsLLMa.jpg,/aLrNTcLN2kDu9jAJ4tS5haiWGc6.jpg
528,The Terminator Collection,/vxiKtcxAJxHhlg2H1X8y7zcM3k6.jpg,/cpmbkwSxZnKO69V82A9a34tvk2E.jpg
556,Spider-Man Collection,/aNknE3vw8QC5gDHBRYpOz9gzuPc.jpg,/waZqriYTuBE3WqXI3SDGi3kfDQE.jpg
8945,Mad Max Collection,/jZowUf4okNYuSlgj5iURE7CDMho.jpg,/zI0q2ENcQOLECbe0gAEGlncVh2j.jpg
748,X-Men Collection,/1Zo4J5SAni8lyXt7NxJwJZ0f0ip.jpg,/Abnosho2v3bcdvDww6T7Hfeczm1.jpg
391860,Kingsman Collection,/2WjphvZVZQeQfOZeZrBmFUGXmXp.jpg,/8XZnIWG7on74SaJ6t23kdPOYXUG.jpg
86110,Diary of a Wimpy Kid Collection,/4Miizfzuds4ldROTff9vB0Z3EId.jpg,/hTbw2nLM44eE5m7ZIIXodcoDR1X.jpg
283579,Divergent Collection,/nXuCj7NcsC2bPJlwD6t2l9ZTDnt.jpg,/uExS9jcaFBM1wJhkn1Q1P0MFpv6.jpg
256322,The Purge Collection,/nP3c8mTSxlis4vfg0UjlkK8LRG9.jpg,/quFWGOA4I5KCTsyDbvLh6PHNZwv.jpg
422834,Ant-Man Collection,/lEdpEJWJdtVLgmpPkXSTd2xczmY.jpg,/2KjtWUBiksmN8LsUouaZnxocu5N.jpg
137696,"Monsters, Inc. Collection",/8xHtCUKfre8b4tkpUWU1y67Cnqr.jpg,/uzKkKhTWGSEdsN2rYanJTVAyTLi.jpg
416468,World War Z Collection,/gDObITaWQUaS9Par6ntLyvq1JrK.jpg,
264,Back to the Future Collection,/UV8VEgAxgKVnCVnZhFACmhxjE4.jpg,/c9C9Pg2QctyjZHRmS0P8rZg1OTA.jpg
137697,Finding Nemo Collection,/xwggrEugjcJDuabIWvK2CpmK91z.jpg,/2hC8HHRUvwRljYKIcQDMyMbLlxz.jpg
2883,Kill Bill Collection,/tf1nUtw3LJGUGv1EFFi23iz6ngr.jpg,/oCLKNACMNrEf4T1EP6BpMXDl5m1.jpg
86119,The Hangover Collection,/aMmNLuyXvdBih1R5RRHtdtNaS6N.jpg,/uEtsf26a9RsRDy85MOIv1xAj44x.jpg
645,James Bond Collection,/HORpg5CSkmeQlAolx3bKMrKgfi.jpg,/6VcVl48kNKvdXOZfJPdarlUGOsk.jpg
14563,The Ring Collection,/500xj7l72BojMZ3tNBJY46tg5YJ.jpg,/jXlFymc442CEMB5h3d62GeJefnW.jpg
10455,Child's Play Collection,/50aqbDvbOtdlZrje6Qk4ZvKM7dM.jpg,/AAhYXBVIEl6WgQnzfBsauTIC25.jpg
386382,Frozen Collection,/dIaff79mnD2rf1LGkUfWYyZUSZj.jpg,/vZiqhw6oFoMlHSneIdVip9rRou2.jpg
1733,The Mummy Collection,/4UMn5KmXopgpkC862Ms3t5j1sXl.jpg,/1BeKi6IytbfQlQocJSvP2k6sO1a.jpg
180546,Grown Ups Collection,/8m9PIgdP6Nj18P3thsyI70qs76s.jpg,/jKtFxygwI6qNoyR7LhPczWCbvTh.jpg
131292,Iron Man Collection,/fbeJ7f0aD4A112Bc1tnpzyn82xO.jpg,/rI8zOWkRQJdlAyQ6WJOSlYK6JxZ.jpg
169452,DragonHeart Collection,/bZsqwJnO65wlZ3ez7dopUQMYALY.jpg,/hRucBWgzCc7iA9avUE2k5gc7dkj.jpg
656,Saw Collection,/xmC2A7qPEfiOkQC58fZh8srWQ5v.jpg,/oLfS1lOmN2KIU2IQ200SDEPVEZe.jpg
153010,Beauty and the Beast Collection,/mIzZxNAT1GIFaEoPYdJsUKC23Oj.jpg,/obOhJ6VC1IGvlxQYLp1KmjrTbt5.jpg
8091,Alien Collection,/iVzIeC3PbG9BtDAudpwSNdKAgh6.jpg,/kB0Y3uGe9ohJa59Lk8UO9cUOxGM.jpg
402074,Annabelle Collection,/zJfExJWUgugWziREAikeAW69poY.jpg,/AbTHMNaeUO8rUcRZf5J6MRfZE6v.jpg
97459,The Jungle Book Collection,/uwtMVtIFZy7dfQrR7brKHoDN5H6.jpg,/b1T7EU7e5XuYHz35iiA0eLg0yKp.jpg
4438,The Space Odyssey Series,/i1WdRtc6aObiwGz5NU8WWPW3r1N.jpg,/15FumSExI9SRoL7QJWZAsA0b10c.jpg
401562,Teenage Mutant Ninja Turtles (Remake) Collection,/i3DywIl37k83YXWreQGIcWNF7kL.jpg,/tfpOdV9gvqbGJEeLGSu5X1vOLKV.jpg
468222,The Incredibles Collection,/p5E9owiVpQqAoSEl1VpcC4i5z8Q.jpg,/9eDW2dVhnzPS2HvaRdK2OlAGaLq.jpg
115776,Robert Langdon Collection,/mZDeXsVhBxnWD3tGOQ69vKS3WYL.jpg,/j1IqpLhCypllamjKe6C2RstjfEQ.jpg
14740,Madagascar Collection,/kjA2VkYx929rPKMPFQRb0lPqY3w.jpg,/lzTIAbvMeGWB7PUrmBZXulGA28M.jpg
2980,Ghostbusters Collection,/zsSnQq4lGocDkqsrdVUTNNjZz7R.jpg,/g54JU2Bn4EFezsawnI7ccpAzPC7.jpg
10194,Toy Story Collection,/7G9915LfUQ2lVfwMEEhDsn3kT4B.jpg,/9FBwqcd9IRruEDUrTdcaafOMKUq.jpg
94032,The Lion King Collection,/oG1heUs503GV6xBnFhgyYTGWm05.jpg,/A9IEaj9cPAwEgFnTmteB70oxgJY.jpg
219691,I Spit on Your Grave Collection,/twoKFP4fjfOReWw8U13P39cj8xG.jpg,/y0UVHxtgIT1TtArCibBtk7wKnfT.jpg
63043,TRON Collection,/cvFlDIfOwhYe4ouAAfdyq9E5zlZ.jpg,/o8NBfffQPE9tHTR9l7FuWbdVPHu.jpg
87236,Mulan Collection,/1fjZKATXsAKvtO6uJqCiNL5u4mK.jpg,/zruSw8cPMrB753gisLZcbHISS8x.jpg
31562,The Bourne Collection,/lTfOZ25PhQkmGb5NHmaFnwB7b13.jpg,/vA5xMglyZv7yzDTj1qUTU4OvelV.jpg
280588,Horrible Bosses Collection,/zU3dVVBa3JW1nQVUsaFM0BeTnK.jpg,/kGvdIEuzy0rHnbIJ0qmnIjRGSKW.jpg
397842,The Amityville Horror Collection,/8uCu7d43IHPwFfNS2qCyVuRP1cP.jpg,/kPfuozrsE7pmFFolkR0xFicZDJT.jpg
115575,Star Trek: Alternate Reality Collection,/w2IVqa43Ge49mrY3qSaJWpyDtz6.jpg,/gWl5pN2FplE709aVtA4lakwsE6t.jpg
2326,Underworld Collection,/aK8qq0X0pZbf5ncE3JLQ27hdC4F.jpg,/2gSaXagD9ZCuBHOsXF4tvtW7Djd.jpg
135179,Sin City Collection,/aGgHxGVmjssn7lw1ZucY5U2gI8K.jpg,/qs200GlvLNIQKUns6AIeLcJWtPT.jpg
221111,S.W.A.T. Collection,/iaBn9GPUik9xwfHIelzTXJi5ClY.jpg,/75To7hSFaAuciz4EXAFfj4LH6Od.jpg
8354,Ice Age Collection,/stQoHvo0q6ZcEkji2Z1wlAxKnDq.jpg,/2Mb92Ssoe1eUecvrCe2pEvgAlmv.jpg
290973,"Crouching Tiger, Hidden Dragon Collection",/8x9ajHWUm5K5rdMRvXe2vhjdLAk.jpg,/fWbparTMpxYDgutCf9LLlcJgFZT.jpg
84,Indiana Jones Collection,/lpxDrACKJhbbGOlwVMNz5YCj6SI.jpg,/6kh59mZizZsttZPR0HAdXk6Ve2n.jpg
2366,The Jaws Collection,/fgraZdDCvAtBr0MHczmL6raonHd.jpg,/us13Po7SYoHl9wBNVcz04t0oh7F.jpg
312977,Iron Sky Collection,/naglSR1dCuhpX0MHjSa4Cb9YObm.jpg,
85943,Night at the Museum Collection,/q2nwE0Qi8U6tsU5HDmiWS2D3dSJ.jpg,/fOmqiIXfJmeANciOTCN6WkKbwK.jpg
9744,Fantastic Four Collection,/prObnUSCHIBC8ZjkGo2KHgjkWOo.jpg,/3JFe9AWoKuQWox7HO8HKgYRMOF7.jpg
424202,Trainspotting Collection,/6W9nyZ3Daq4zHkfTRIzNgWg6ai6.jpg,/rIrAfUd5wjkGoDkecNx1aXjGJLu.jpg
261590,Living Dead Collection,/mSJ20RTWWgtt3aTyn1iwNZ9fbYl.jpg,/inPPfnJ9Wzc9rg1MpkPm0P3D9rJ.jpg
87118,Cars Collection,/uq3N2SFj1Y06zA6LzCQPkmBdaaE.jpg,/yPyhZ5OpYs68Bb8u0PZ1tH0QIgd.jpg
52785,xXx Collection,/omRo1Pw4phlELRgYOQ7RyAlccLt.jpg,/g9Q2dmbxd1F2hHB5VslPbqGM1JV.jpg
120794,Batman Collection,/adQxUvQW8HXNsvMG5aj71pHh9T.jpg,/9SpZvXLZDGGtFqVDByGqSGI64Kw.jpg
87359,Mission: Impossible Collection,/gwyJPIhCK4Xz2WogeBnhCSQfUek.jpg,/49L0c5utmm0A4BkeDafM9BOhyBT.jpg
8918,The Hills Have Eyes (Reboot) Collection,/gtD46W2GXsdGOFa9jfUT3G0OEij.jpg,/A0LX8YBYBZtfj0gR5Pkgz87cmcb.jpg
52984,National Treasure Collection,/z5EIRaI8XS0brelYwDFEVlxcpzM.jpg,/a0GLVfaDSf5GNZKK5H4FgGCD2VW.jpg
735,Blade Collection,/ltjxGZP6aJrwjl7oOZiiZhFgkF1.jpg,/ev9QybDDzVSahJQdOb71ZuqNVAo.jpg
103573,Sister Act Collection,/m9xbNgB8MrrGOCvc4vjOtSWdqh9.jpg,/5zLMzYgpx2TNmISTk1MnRyRWY9M.jpg
1570,Die Hard Collection,/dQP1lu4tBtCiAMeCRcuTFpJiM7y.jpg,/5kHVblr87FUScuab1PVSsK692IL.jpg
393379,The Huntsman Collection,/qQ3vWrNroNSJyPGRjsrgzNghTux.jpg,/xZWmMCp9DwKlcu2yEzVFN7ggpGu.jpg
102322,Sherlock Holmes Collection,/bsUN9Ph1nUituteKWOhPQGguNXt.jpg,/aeLom584FZdu6253WMaYEUCrTdu.jpg
116669,The Scorpion King Collection,/qFVW76HRCJFRtTha1vZO1tjYVQ1.jpg,
130440,The Pink Panther (Steve Martin) Collection,/xYbMC6vo4rMIX8hkTUZva86r0i5.jpg,/tuE4QPHLHaMUkAW4Yggig5U92rl.jpg
155474,French Connection Collection,/zheN2WhCSS1M8rkjObQGr0dZdvZ.jpg,/islbdTICsxPE1c3YEFzEc9Wb46p.jpg
399,Predator Collection,/6Z7lASptoiRVxiCFvZaFgH9qp7u.jpg,/fXVzk9OxQwROCuiWvd0Cv76qmZi.jpg
297923,We're the Millers Collection,/8i2kMT4VfYaK5wH1Q8HyxmdHtFm.jpg,/1JXiwPCJXIhubAhEuvyBh5UE6rH.jpg
97461,Lilo & Stitch Collection,/bstyyXaLinnYwoyvo5HaDceJN07.jpg,/oKfkaJLqc1cRURbq8DG2D6TOeAX.jpg
2806,American Pie Collection,/twY1eM88fu8CCGVtem5ItlrgeDA.jpg,/3ptXtaqzAZlMXn3nZxaYke4anmK.jpg
178106,Darko Collection,/4Oj6ctBucsLvkbKsQMDaDXXR5cu.jpg,/hja7IzXp6how8eD1WHriI386TGY.jpg
420,The Chronicles of Narnia Collection,/sh6Kn8VBfXotJ6qsvJkdfscxXKR.jpg,/ojjzZUQlqKTsN1T7s5OAVZSjYMH.jpg
125570,300 Collection,/nKQqh6kJvPdpOJD24enD3Bm1Hy5.jpg,/mLLztGKyxSLoWjgRSpmm9W12VsU.jpg
135483,Taken Collection,/4PNFiSaJWvWhkdOw0KF9Vf7v3gC.jpg,/hO1R1TI429PjkOjby4dTPBrWFwn.jpg
2150,Shrek Collection,/56gaQEeucYNyDZyfbwLs7nXPSKU.jpg,/gMWrKQjoTIpYjhc8SxZF20EDIES.jpg
1709,Planet of the Apes Original Collection,/r7TBDEcpBAuFoqdtUz7z2nSeFej.jpg,/eYf3GRnuVCgeFQfEo0qK7ua5rCR.jpg
1565,28 Days/Weeks Later Collection,/4AeGz1Jwnq6ky2kfLT95Tm8nEiw.jpg,/bpn1vynevsKLwAMRikY1L6cb18p.jpg
304378,Independence Day Collection,/diCxphvzqas0Tr5eq7tLUzg5M7d.jpg,/p7oqa94XgNGVMazXwR49QfyGgtx.jpg
357173,Sinister Collection,/uun1SgzxdQx9YIPyepoLE3ePxQh.jpg,/4JASyGk5suaz4xwMp6irzg334k6.jpg
11716,Addams Family Collection,/iqAjYCir8x2fc8eeQ2k4qZqOMP1.jpg,/gS5yZLrSJ6uNbsz17xoxf70X2Ws.jpg
247294,Showgirls Collection,/lXpCjeuKtzkckXkam8sgOaaTOhc.jpg,/nKMLBnDGCPdHipJs0Xk8NzNmLFS.jpg
33085,The Little Mermaid Collection,/mwyAzxyGm609qcNJYBRcGNaTblt.jpg,/eWVVSybV9xkrvGBAx2I721iROPx.jpg
5202,Wild Orchid Collection,/axzUs5DBvGp1r9bOsHlB6VBxKel.jpg,
261307,Alice in Wonderland Collection,/xSDwVJEdtewx9pfD125PCdRgznH.jpg,/xX2mxqqYnG5nmujfZ422iXgXyOO.jpg
179892,Kick-Ass Collection,/2UzHizIS6Z87ocDdY4TALPj1EqD.jpg,/fYMsCXEMguNlSORJIHydfBgOnty.jpg
228446,Insidious Collection,/fct5wsWu6niDIGRIC4aWEsN5Npa.jpg,/lBtXKcC8l2kVPW7prMJBZELvvS9.jpg
466894,Teen Titans Collection,,
325470,The Lego Movie Collection,/hsBJxdgF1BK1M98dWAaikvTlym7.jpg,/sQNiamRBTh2aTjQ8aYCJ69MngTM.jpg
328372,Mall Cop Collection,/dpI0Ms55QByARcgeMf0YK1z2x3D.jpg,/29gIFb0wzsl2ArW9HZ2S2ERdDp4.jpg
134897,The Smurfs (Theatrical) Collection,/m5p3J2GVAWkHc5UW7mDGXCt7nO7.jpg,/wMtKE8b0iBt0fZF28vcUiA7ghVt.jpg
77816,Kung Fu Panda Collection,/2QT6PuYXY0T2Ry9rX0JKQYTrbwx.jpg,/uDosHOFFWtF5YteBRygHALFqLw2.jpg
8050,Highlander Collection,/mNIXoyFicGseg9NoG3NHKZolKze.jpg,/gY5NPUGGJJdaGPlEM6f2pfHNtit.jpg
55422,Peter Pan Collection,/t0mINaIut2aDKdGseQtC7UcbRNW.jpg,/AnhKboZjfeGuHI6qg7pp9RCesTF.jpg
479888,The Thing Collection,/9O8LH1fyDNIR26UdtQK4NLGbvLI.jpg,/lUPruOqjDhZrCKz9Ze2tCufPxHR.jpg
48317,The Man With No Name Collection,/lzUZptOL6iQqulMvhB2jfT5GepD.jpg,/uAkE1MAvFUiYjOllgDRndispKu3.jpg
86055,Men In Black Collection,/rWcgZaoJ0nxTFRn0H6w9bdtoDUI.jpg,/xKz6YaOvmnIJQ3MYIpnaa7FBaAB.jpg
10919,The Omen Collection,/5De8Hqq0z9gmDM7SbWU0C5pTjPC.jpg,/97vU4Y2bBmoJ3Mwi3uOAL8ahdUC.jpg
86336,Basic Instinct Collection,/hiM5EvFgjFboZtPMY5vFjhNnRQc.jpg,/o5rgryRLwlOApsO3toqpqhhdS7H.jpg
133352,Resident Evil: Biohazard,/fICwXslWyYTEodNpnTlQUhOg7xl.jpg,/TSpFZFIgVX4I3Zsnlm3HAlDO14.jpg
141290,The Lord of the Rings Animated Collection,/pQuazFOlGRdn2Lb3oWFJYPeASOc.jpg,/uUG532EWfyhtKDzsA0sLb1PsHhL.jpg
86027,Aladdin Collection,/enl57YvMhTAdic6El5rfZppyzq2.jpg,/naeLgo2bt4WKfHF4BTrG6mkmjiY.jpg
52985,Wrong Turn Collection,/dtfQY5ZxvdHNG4HqNDy0ifwk1q6.jpg,/32IsLLCoj3mIkZbLfCKSXZVqd3k.jpg
96671,The Human Centipede Collection,/mv0MySTqfXg2ndthOkBg6bGwlnk.jpg,/iNRMelQcaKeVdinF28uU9YOmvYx.jpg
185103,Hotel Transylvania Collection,/zRNpkbP9QpcV2wz9dFzCzdG9fSD.jpg,/arH2YrpG7EVMnA4JCtzAXt9wQQJ.jpg
212279,Piranha Collection,/qeD70C1YD7Kbn4SMfRyvgInKQli.jpg,
124949,Almighty Collection,/Abh0z1zf7yYoH8sGLvMIvdNG6gA.jpg,/qKuR7BpBLTcISNWgxKQmXnYYJFX.jpg
192492,The Jack Ryan Collection,/uCuiExsQDyJagov5aVAyw38YEm.jpg,/qYlcVBifq5T4wyWV00a5Awq0kUi.jpg
306031,Pitch Perfect Collection,/n1bCFVJeVxX1yCTnXy4OCRwynF1.jpg,/jolu4gMP6g2VmUZt099U6X6jNNJ.jpg
2467,Tomb Raider Collection,/sgaP4WtVlKzz8FIcjbkevOycJiq.jpg,/plM0vErSrAwT3tJldstB9bv2AyN.jpg
466463,Descendants Collection,/dw02BxDYnmqW4h0t0qA0T3hd5MZ.jpg,
9436,The Crow Collection,/kfU8OZptlBfR5DL9LNGL301Zmlz.jpg,/6sGKUZfV4g5d2LT4CsG89o0416W.jpg
91799,Tremors Collection,/dCeNEdBgkpXMIAndv02JI3DXzKj.jpg,/87K8X2WixRlR3LxzeydW83N7nM0.jpg
100693,101 Dalmatians (Animated) Collection,/cn2TfGiLL4yLJqyNCBSppUdF51W.jpg,/rcnZbAGQsb3Hp0qPgnRalTyMJlQ.jpg
37139,Naked Gun Collection,/qTJ2fbdU2Ru4OGZghQB8MYofkrN.jpg,/jxSnW02zjKtFnXFK2UzcLH8Ced2.jpg
124492,The Dirty Dozen Collection,/xCLD1Pul4d6iJJdFf3el7PfMpLc.jpg,/z5Wj3wkksrRjyjhZ2flr00gSjTR.jpg
403374,Jack Reacher Collection,/7baSUtFKi8PQ9SLo6ECYBfAW2K8.jpg,/3FHrAeYMogXd6K1e5tUzQAiS7GE.jpg
111751,Texas Chainsaw Massacre Collection,/lxYgt4gS4CEvfC2ZCa83IiOsOiu.jpg,/1zIwt7gUyxKhOKYXN5XNGdGxwHg.jpg
86024,Legally Blonde Collection,/kupFjC97HLSqG5CX47NsTJNEyAs.jpg,/aabPyPAA6E8hJ7tUipwunr3Itzb.jpg
8537,Superman Collection,/fgTdu62v1jjNDPh68V9TJZMgXbo.jpg,/la0EhOrgVAiY8sf3ILz3wgoaNXH.jpg
96665,Dumb and Dumber Collection,/fdB86tl7SKIBWZzm0CbrYjOdE1K.jpg,/saUnj5K6buVafDfLfTozDH2eqdC.jpg
135501,976-EVIL Collection,,
10924,From Dusk Till Dawn Collection,/a156nAy5ZTGXlO5wgfvnF26aaDB.jpg,/oIJQPVy33uxBAu9LMXwjsgHLyxP.jpg
432,Cube Collection,/pRshONhwgQYb2IYcxhEIMDFc62d.jpg,/4SdZhO4M5vJ48dqp7r8PieZ37RJ.jpg
93295,48 Hrs. Collection,/8Dlcb8aDch6sUcWBc8zSSfNbPgG.jpg,/hRaxX6WmtukiBvi8ru7RFVQiDYk.jpg
140760,Final Fantasy Collection,/x6HZaopJw26YnjBZjo06sWmPEPM.jpg,/gj6XQf5cM66XHMTonCgsOE0VphX.jpg
179244,Pee-wee's Collection,/m806SvjQ9b6FPFEzS2ODG6lbXqk.jpg,/36PCFtfaB4SNHVaeGZbMiMkchaT.jpg
174245,Alien Nation Collection,/gsP7dt9uUkkdl0bL4kU9o9jeehO.jpg,/s8TyKSfmSlvaLKTqJLpkCCIiLK8.jpg
91746,Bill & Ted's Most Excellent Collection,/e8ytcWY0r32q3RdNJDnv5KRh9hC.jpg,/m7KWyG7VwXoPbwr3DgeDqed8qU0.jpg
92012,Happy Feet Collection,/pYbF2FAi2MEVshl8jCDNTRNdTF0.jpg,/b9CLLxKsh63AHEkGE9nz9bupQqh.jpg
386534,... Has Fallen Collection,/kM0U7nzdSepUkC6sOvVrqZkdFk5.jpg,/w5GjGycHi5EOfPx2JSMshCN7OJn.jpg
351684,The Flintstones (Live-Action) Collection,/v70Luw2mGhib4s0Osw7Ux8rQgBt.jpg,/qD0rip0E8EcRcjCPcdu5wUknLZJ.jpg
55427,Fantasia Collection,/qHpXVQVhSOXwFNFCfKfdTnuyrXl.jpg,/7YanwpylLB3yzhwzf11W1tYpcQF.jpg
8864,Final Destination Collection,/mZUyhsfIthTl5rfdeSox702Ircr.jpg,/y3aWOInifbGKXM34KjtcMITrZRZ.jpg
170754,Arthur Collection,/bdRCMpvyTX1zPR28GHcFjjA3LHt.jpg,/c0XFWONQ39hfOCJIg3FUuRoGgH0.jpg
313086,The Conjuring Collection,/z5VKhNSQKQyxm0co68HAkCqHnmX.jpg,/opwZzjx69QvbSX1zbC0sc4J4KBX.jpg
126125,The Expendables Collection,/ptF9rVkzoXVO1bnglLISgnJ7Ccr.jpg,/lA7oDSt6LkyDqtbFGbyuG0afmTI.jpg
64750,Blair Witch Collection,/qDQuKJZYLHrs1Ej64tYYFooFxc1.jpg,/e5GwLq0zBer3SuSJZodcNROnT6Z.jpg
248339,House on Haunted Hill Collection,/caGBw1s6C1Fxl8We4fDTmhBnJNk.jpg,/zDPoIqkC0SGWCQrcKyJpZJZEF1E.jpg
94899,Jeepers Creepers Collection,/2qyn3GJXqLP54fbWazRGvsnkmAA.jpg,/mzFtvzOdmuDYoQQuOzulsJkAUQB.jpg
5039,Rambo Collection,/feGOEOVrOLyjtEnVa88rQLgD3XY.jpg,/Yt2ZxbJv2HM842B6FNMr59Vhyb.jpg
464577,The Croods Collection,/ngKY2KzudNpC7j8a0OWjJRY0tHv.jpg,
96676,Never Back Down Collection,/2srb1k1nAPHk7lzpheLK8e76Clp.jpg,/f069jw6rYHIWfypDjzQvODuGSz8.jpg
463959,Tangled Collection,/6H3bMHnQAXNJvLD3kakPbefu99Y.jpg,/5MNCqO4PKK7McD4PKeXJZ6DEY9L.jpg
43058,Homeward Bound Collection,/4S9WMNUJFzxKOjcoS1mGrKFfygI.jpg,
256377,The Muppet Collection,/8Ew8EIdFFurMMYjSbWPu1Hl4vLX.jpg,/1AWd3MM90G47mxtD112gRDxSXY9.jpg
43563,Friday Collection,/dWh1Fohgx07AEd4vRUwgIj8BYxD.jpg,/pXszT8ZWGj3fohU9FY0niA0IDEw.jpg
945,Lethal Weapon Collection,/5zg6QLY0tdDLVHLwn28oowG3m8H.jpg,/bSLbqUqs5FzBOb1aO9v7qz71R0U.jpg
55419,Cinderella Collection,/ouN0BQzHKOqK03d9qKXP7JOgQdt.jpg,/yNq1UsclAyXaQGhXVSDoyS9wpFo.jpg
89137,How to Train Your Dragon Collection,/nJ7ud7XWnNCnGfRQUkUp2t17Sq3.jpg,/mvcfPkOvgDJG2lEAxTz0NKqoQLo.jpg
10522,Starship Troopers Collection,/uumu3Xj1ME1632SCsyVJwITgOKZ.jpg,/hwZXCuY6GVw50o17nDGbSR8WMFJ.jpg
177467,Cloudy with a Chance of Meatballs Collection,/pRAzOs9cZN8LlhaCKo6LQ0bSfyi.jpg,/eANL41F9Zp1xHMD6VnHnD3QS7ui.jpg
9435,Babe Collection,/jgnah0k4AumfcZE4HHMJywYHvG6.jpg,/zRWuGdIlkWqXMQcs1t3sPy1XQ6x.jpg
105995,Anaconda Collection,/sENQAlXOhOb2QmfpFl2w34W9ODP.jpg,/uR7j2TEwJVCMz7CDJgNPuhty4J9.jpg
24761,The Millennium Collection,/sLeE5pwX9cle1v1TpBylT9MeYJ2.jpg,/9wLsZPhI7ZafO4fh1MhwCjvkclN.jpg
89151,The Gremlins Collection,/yiZ18XZHFNjFfEDnEkFCrHVHXcn.jpg,/2Oz7EyiM9nNeP7appRFkMZNeYRo.jpg
383632,A Man Called Horse Collection,,
167613,Alvin and the Chipmunks Collection,/fLvRQcuk5ZFKnDvUC553XK3OnPC.jpg,/qI483yHct3PBtIiOH3K3SVNUDq5.jpg
280504,Mechanic Collection,/rYW2tVlAwa53xR57ipFytzYhrxq.jpg,/i36Ufc9CmjwpcfUaQv1YgifPyhF.jpg
4246,Scary Movie Collection,/nsD3xlHagixzVYaE57EESeVYro7.jpg,/qPRZ1HpvpPM81cBTwNKXlqtH9MT.jpg
91430,The Neverending Story Collection,/tXuOhgEbXoba7vVIybzGlnycoNq.jpg,/2IqXJIR1i0f6Ngq3A6rjXhQNqFc.jpg
86092,Step Up Collection,/f4KxUp5IL5sgoDzFUL9GoUfy01C.jpg,/3jr0rQcsWyfqBlmzE0h0igjJohS.jpg
86083,Grease Collection,/rYy6EBjcCh9jwcfxhyUZFLFiG84.jpg,/95ASlSlkBSILVLrZA69P0OdniP5.jpg
9735,Friday the 13th Collection,/uobgqpLQff9WvxGKE2OSvXv1RHm.jpg,/c7pMKwv5NzIN6N3KM4L8fYMTtPw.jpg
51509,Meet the Parents Collection,/WFkinadVm4NRynRKuUcaLFNIDx.jpg,/7UWRq79VHc58QXTSn57UsOUKQLZ.jpg
269098,Police Story Collection,/zF4gP4w1xxM7jDKLjTDK3ixkkms.jpg,/5qbfJzkMAUkFxcVo0dqnTRmpUoh.jpg
222639,Detective Dee Collection,/rHTCiaqHZbN6TJjYeq1s42LERCj.jpg,/7J5E7u3ucpNklNKPIGHTAvgzNWI.jpg
43072,The Mask Collection,/pl2vNt9XlxITTgm8wCQ2Y6ThkpT.jpg,/ucDNm5TJW1ji7kIjnX2SZYm7ATM.jpg
17178,Jackass Collection,/olpnvtLgoScLiCg3YHJ3f27F98f.jpg,/lidPLbyE1JCUacEDOzkTCncCPBL.jpg
86058,Dirty Dancing Collection,/gkrOvdbCFuGlxVwCYmczw7aw6Ku.jpg,/qR6POAKwCL8VwuK8ZjSAdRRFNj9.jpg
1006,Austin Powers Collection,/9fg3fFqjr2ofmgjyWKfKgv6ZLu0.jpg,/3QJMI8nqQcwU5JBPy26m8TUXtTN.jpg
397444,Kindergarten Cop Collection,/q5Pk0utXHTqOgvRtlRxu8AMqGLC.jpg,/qdKZwhWbIjlKbBOWsHL1cCcGSa2.jpg
33059,Wild Things Collection,/1sM0cvLaVPHAoAHvC3QERk6g4mB.jpg,/uE47SwTt7uHyVwpMzcCQ92Q7FsQ.jpg
89188,Harry Palmer Collection,/5ahb9zZaEqW4BqBoG2mKZNP1pXO.jpg,/zOeny02J2PgaZLSydAUDfHPVRVu.jpg
97768,Lake Placid Collection,/x3f6Wcshd4E5tyaFZ1rBglusvAl.jpg,
390096,Hitman Collection,/3wYKmCgRmpHQsJAbfGM0axs3gos.jpg,/weBIyv0mOydPd0GYJl9iDR3RscM.jpg
87220,Smokey and the Bandit Collection,/XYTaoh3qo6gYvJ8UAtnY9icY2Z.jpg,/ldGGb98U7ytidfLHY5wKazeB6MO.jpg
87250,Bambi Collection,/b941y7oiWBXJZaoWemW4exlpDxf.jpg,/pdeV9HC6ECDvUfICMWeMHvWsCIa.jpg
404825,Wreck-It Ralph Collection,/aa0D0ssoQWTrvTYhwDsRNVc4DQk.jpg,/maHMw00WEuUzi4hoXxXQAGLntfH.jpg
321061,The Wild Geese Collection,,
8581,A Nightmare on Elm Street Collection,/BcgmrOz69AUBRukw5LLGeYsOgo.jpg,/xDScJToK3YDTZmxNqQ0hFTObeXq.jpg
86105,American Psycho Collection,/ko4O9lcRGYOZAF5Hh79Mfsgjpun.jpg,/5nrkaUQe4m3FLYJrFPGnkMGeQXD.jpg
91361,Halloween Collection,/2uqHV6YcD9jEL2WuJYjXiiuRDqd.jpg,/mmxf1sOe2T1sma0tH0TgTdcit1p.jpg
288280,Saturday Night Fever Collection,/66JFemhPp5qh0pGYPkGqjocR0Fv.jpg,
19163,The Land Before Time Collection,/n1bjdBVThBezxR6nEf2dy43sTtV.jpg,/alkvR9vTtuZEmd5ygsayOfxYOMa.jpg
221622,12 Rounds Collection,/l1TBw4KOSWAxYM3RwRFFGq8VG69.jpg,/cPNJRFgk1EtdqUAOSZ5gPigj741.jpg
261203,Street Fighter,/srmcIOxfqARcnHmgHLVNzzFM2RV.jpg,/u5w0uNoQDqUkmErqMsh4RVVOgyy.jpg
97456,The Hunchback of Notre Dame Collection,/vX0k6lP6tBi8XHdvNtOvsbNgyxM.jpg,/oAq4tE4fTXfsWz35kyajoWNzHfo.jpg
109609,The Fly Collection,/r6mRcDV2MIbDQ79JpeGls5DnDfr.jpg,/6nU5cC8qaVO3hzSMDMJp4HCFwDA.jpg
86116,Death Race Collection,/uffHLg0ekFlErCp7OkpecXkWPng.jpg,/cGaVuq8ZjX1UPD9wPRlzx6lP9kK.jpg
1960,Evil Dead Collection,/eWFADubShlTEUiNsPcN6BMOKakr.jpg,/jrLLRe7pctP1aFDRuD9mt59YGHX.jpg
251970,The Protector Collection,/pa2IOz6zLpivXUKaaiQn1kxfZW1.jpg,/wPN8ZJ2ykqpYQfIpere20Lp8XDp.jpg
9887,Species Collection,/t5J0JH1L8L7CmtC3sL3K2ybgTbE.jpg,/vnpcoCTZhg1EdEog1kAS0pklx1o.jpg
5547,RoboCop Collection,/foJBQb9oEOH0mGh77tXyoxXCfzU.jpg,/azQScQWHpz5puIV4YeCcqgiT9Tn.jpg
52988,Hot Shots! Collection,/5uzldxeEVqvdaZhE4uCT9TTz9p1.jpg,/iGrRouADMV9MbidImsgRORaV3q.jpg
102782,House Collection,/pZhCkFoFyK8VIEuglkv78XDy0h3.jpg,/ifZA8CtbMf072z71m1ijQHXGe78.jpg
339577,Grindhouse Collection,/sWUxopG2KTIn4ve8v0SlbAzLGaz.jpg,/f6CqIpHJLCqmd4VgytKymKl0JEF.jpg
145784,The Philadelphia Experiment - Collezione,/kXOjvdLpQ3H6eICDMCsZ1wRTJfO.jpg,/9aTfczTrmq0wAEhXng0zxDsWLV4.jpg
2602,Scream Collection,/3DjOcwfd8cTcKBkWTcNntAZajEg.jpg,/jPTbJp1601vLu27WhyjhpVk8w0h.jpg
348843,Vampires Collection,/8CMdlwcwbzwVE5t2UyAsjobMoNz.jpg,/gbzoe6GXgEP9c0RkSIPy0Oh6EIs.jpg
91698,Chili Palmer Collection,/ae3smJDdWrMJ77tDpYOrpo4frKq.jpg,/uWaANGQeoSs5vSP1CWtlkDrkqei.jpg
328073,Síť (kolekce),/k8HvmCUbKHBbTJoe7hJQapQd5Uy.jpg,/5j4HxayNgcAgGStNKqPxM0QNC7V.jpg
9888,Home Alone Collection,/zYPsleQJo1n1rBPlecJBRb3iwSO.jpg,/cYS2aWxECESUN2OS3JiLrKMmOko.jpg
426103,Ouija Collection,/Hn8bic15hWcTVJnZkf6WGu5Mm7.jpg,/m5nPr3cOxqzU68luWfwNngazHnE.jpg
13800,Futurama Collection,/vkrtsW1Fyzu4rRpWYz2ybDfKXb0.jpg,/wZ1Xuwhu4hbcHPAAZz9sFTIZTKX.jpg
136214,Pocahontas Collection,/s4RkDe4AjwyrlltdF6Ui7INlME6.jpg,/qqeOxNmtAW7WXdbrmQftgluvve7.jpg
124881,Street Kings Collection,/r0c2hR2KQsZO3vdhFQdUsnSuUef.jpg,/lKOSWtpAQZh7x8YuyYFDv0Y6LWo.jpg
223564,The Cell Collection,/37KiF6CfXJS60E4oBk21Dx8NIcY.jpg,/s2YI5HKNptBhqrmfFZz2tZxCSJe.jpg
9518,The Transporter Collection,/uakYnYtFxqjS8pjEWW9lGWmdMRz.jpg,/qDuTIGAEbxF3jP9zNILLAoxNLpU.jpg
142680,Alex Cross Collection,/64mlnEVoq1I0BZe4iDdAv89qO9Z.jpg,/eyKpawn8yMq6kdv03wgKruMuSJX.jpg
17235,Hellboy Collection,/81B1OdGY7f3TVN06eKra25vHzYk.jpg,/i6WF7cYiogl8g5ryZDbZBw8RNVN.jpg
1582,Teenage Mutant Ninja Turtles (Original) Collection,/9TLc09TqYi0Ct3zmUeHGwVxLHhq.jpg,/7dusELv6x1ANRGorNvqbKhKIUPY.jpg
112636,The Blues Brothers Collection,/pQf9LzCokihzlLmgQlPG7yBpZ1o.jpg,/i4Jai1IlkbOWd8eNFM0S1lupyLt.jpg
374509,Godzilla (Showa) Collection,/scvwS6k8gIW8w24UcmePQqVL10l.jpg,/dx9YSup5zEOjxYwG4UkYBVAZIXo.jpg
141084,Happily N'Ever After Collection,/aPjLYxKIBys6dlxXMZrDi8VowQK.jpg,/fw6YfVOmK0tVtaSUGb3GvLzEmvK.jpg
30663,Harold & Kumar Collection,/9OBP4MQBAXnBZ1uXLZykIWRGnBb.jpg,/b70mFgsSn2hl3CvC0nRx0SHUEX0.jpg
91663,Airplane Collection,/u8IXYbpoRcKMlnhUvND0NB8HsAM.jpg,/w7bNIqVMZaaWf1LnMIZ1HywXbP8.jpg
153948,Best of the Best Collection,/lRzylBJXIPsFxiTztxLNYhiZ4GK.jpg,/orC5lXKZTsitJguQFVxJcEhcTc.jpg
12263,The Exorcist Collection,/wjMqwHkOuDBSOY5MujL5GSdlBTk.jpg,/gZnEheMdhKxSZQUEzphCHXldud1.jpg
52749,The Butterfly Effect Collection,/8lkeUgXNSB0foS3wU7rkuMTdMKV.jpg,/7DsbbkQAKSci07Jp4fJVq3QXSEF.jpg
97460,Lady and the Tramp Collection,/fvk72hTShONXVDDSdoTEVm7DJh0.jpg,/8YIec6FKfOHn9uw7MMH1200wbyK.jpg
14377,Death Wish Collection,/3mC5lppASzZHx5IlmFSL6cPQpCP.jpg,/m3K7AXN8Wi6VIRtVlpF1E6nzEn1.jpg
162028,Stakeout Collection,/oGai5vrDh7VkuTfsJjO31OcEXQk.jpg,
344555,"F*ck You, Goethe Collection",/3jH6BgPTXxkBx7N35aTaATzlaG.jpg,/AtoH8LJQ2sFXfV4gSxxe39XSdzZ.jpg
10713,Universal Soldier Collection,/vz9ym8LnmyvEAm4ms9PH8JUmUuQ.jpg,/bonZuSo9YE7LFHEFE8oLD3qv32o.jpg
39438,Emmanuelle Collection,/a9USKXesKJB9X4TM4c38L6kix13.jpg,/4oce1WhKi5OmfV1v1LA8SoPRbLO.jpg
168880,Beethoven Collection,/pdaH4A7ecsThnSX5sOpwrcntziF.jpg,/ogXWk8vtx6Pn6kEiak8VQmFCqit.jpg
8819,Casper Collection,/nWKbJAOFwJlJm24dTovfQuUJOc2.jpg,
103372,Mr. Bean Collection,/61Jcc1Gwc2KE7sIJ1HPqqdt67ji.jpg,/aIXcqHz5VKRLXHPsNo0dFoK7YP5.jpg
315595,Tinker Bell Collection,/nTEOjP7JpFa9VZlawzqNBy4g5KY.jpg,/8wvxr06XNW2zofbOHQqEgokTmLx.jpg
122017,Screamers Collection,/vtCuIaQvK3IyLENmuc73RFm4TU7.jpg,
65249,Tarzan (Johnny Weissmuller series),/gc7mLxr1beuEx4qYJGIbqBAwYU.jpg,/8TjuiEJcmXqDs3yS4bhniadhbLs.jpg
98580,Candyman Collection,/7yGuKyI0YOBZcOcfwP90WkAbwgD.jpg,/hJjCx4njVdHJobhvr84e5J6MgTw.jpg
41437,Paranormal Activity Collection,/lYXAMmm9XlYmj5Dr4O9diLQVCJS.jpg,/hZMiAPeINRH0M2X1PBEgn6YdULy.jpg
16302,Battle Royale Collection,/rKlCCB5PXnrZmL0KkmpfhWcx0kB.jpg,/gKpdj5aKtxrAoAbJJ3EtBZHcsyP.jpg
109592,Porky's Collection,/fGnfEA244AKrKgcN6uyvEFCgaR6.jpg,/1Ra6Un73JwIjGHfEU0lM3397Q8z.jpg
306926,Monsters Collection,/64tYLixu5g9W3l4u9mTHnhbVYlz.jpg,/2k8KXYTcqxkKpq7lBZFMJ4zjBUF.jpg
109608,Van Helsing Collection,/kuqxOT5Ox7mrHUSvwuDCJG6tuRL.jpg,/uBNNmICsBnLhB2zhQ8PpwoluoYR.jpg
115762,AVP Collection,/zrApSsUX9i0qVntcCD0Pp55TdCy.jpg,/c5ccDw4lcTUnYGdCxc2yEl8PjTk.jpg
319850,Department Q series,/8x5zFMHbtczdeNa8pKpxS0z8e4L.jpg,/mrgykjULNOZavn9xw9bp98aH1Rc.jpg
151263,WarGames Collection,/tPvDCajdnC6RpuKQqRI9G62IJ7f.jpg,/tBWSIMflBa1tUvSVVqLCuwviW1y.jpg
64751,Crank Collection,/wmUzRqcAi0KOW7sqnaAvEQtM8l.jpg,/cziWkSXQG3Vul0l3Mu2sOXLS1dC.jpg
55428,Curious George Collection,/8nOAUE2VgdnzxYurRjd1KjE98Sm.jpg,/qC533xWXnpR8SG3zrll8aKmeQXV.jpg
151,Star Trek: The Original Series Collection,/zcB8KxHA4EapOoZZPAvwgmE1iGK.jpg,/9BQj9hq0aK6yM9Tm2NJ28jg572y.jpg
163902,RED Collection,/d9T3DkXxDahif4eXPzrH28yayaL.jpg,/7OsWpRJowfXdZ610iKiBA7FzaD6.jpg
91427,Agent Cody Banks Collection,/nQZ1TuxTEFrZLEU02kTTeKogFbX.jpg,/gh0OZpG16E5LtTAkCRkr5j0v1Fh.jpg
248534,Batman: The Dark Knight Returns Collection,/lvjiiFOKska8o4qGbOpdvYBsJQ0.jpg,/yCXuvuBUL2tFHXiSQkVSDWp1WIz.jpg
124901,Hatchet Collection,/5bfVy15nzU4Q9rX3bekEadpy8CR.jpg,/f3q5nrEJrhRFr0c2proh8Q9x4xx.jpg
85890,The Librarian Collection,/w5sQ13yy83o1o323ksxz8RVxbqD.jpg,/6H6uS5f4SMBaN0xHNhmQqUOShAX.jpg
87186,The Boondock Saints Collection,/u4hp2I1DgWw2ZnkX2VTZDixGP87.jpg,/kdxXEiS3sDB7pvQapiqiTRbwkKr.jpg
462400,Wanted - Collection,,
106768,Tarzan (Animation) Collection,/A7ox3LFDn87561sddxe2nZfpahX.jpg,/esBiZuIJyxr6sZL0OqkILcOkoUX.jpg
296429,I Spit on Your Grave (Original) Collection,/vXRFv7XWA8TbPFGXgDpBWJYNuYv.jpg,
72119,"Honey, I Shrunk the Kids Collection",/xxIwqQARS0RZu5cIENahqZSRw2a.jpg,/sfT3NqSnjEDY1449qBgQRWOIcaq.jpg
275402,SpongeBob Collection,/zv4VJSaq39RNAshQOHtUANdZmAG.jpg,/uDbMvHRX0LMUxmsMyOOrPeLYHO5.jpg
119581,Elite Squad Collection,/8ZRJCPuBnUTAu7HaFKth64mGYQg.jpg,/nNUFlXdj8JIV6HnjVS58r0qCvE7.jpg
178654,White Fang Collection,/6GyuRqvPp3IPlaAY5xCIFKQxfQw.jpg,/iKJOz9eUg3Exnqq77gxHQ1zNBmc.jpg
334996,Son of Batman Collection,/4LE9hRArztsTO0NOoJXeysgT7wB.jpg,/sVvEkTNx6SjwOb80iyURe5KHtcD.jpg
19387,The X-Files Collection,/uqvuUgReZ5Y5C7S7axeRxE8zSM1.jpg,/22p3xTTuXc9FEnzyGlfB9KBtR4Y.jpg
96472,Brother Bear Collection,/pl2qWUqiYBSGErVm8an8BIkZaai.jpg,/3BzGz46K4DIH7Ut7KRe0u9bI1Gm.jpg
178117,The Emperor's New Groove Collection,/gCRRjTXVnLrSQMpWGz1Bgz6Zy5Z.jpg,/aa0VAu78vDJH9ukK8ORBj1SROfR.jpg
359005,The Jake Gittes Collection,/bv2if3JS0E5IScbkrNJMmiJtcPF.jpg,/mPf6vo6hAzftf8qRS4qbwRVBBkJ.jpg
146136,Armour of God Collection,/amUwRtyJEiYyGPlbOFJBqAnM5mk.jpg,/rXGl1WJINCV2yFOikNBqYvdyeAn.jpg
375228,The Condemned Collection,/b4sI1V44erFAwlWaJQYesBLaDPT.jpg,
247028,Rurouni Kenshin Live-Action Collection,/yBYLuwZ1zbRBEKaZmwiThsEqUbC.jpg,/jqmQLcdn3aEyc30nesZn7qixfoP.jpg
52760,Urban Legend,/xhxs9fukHkkFgVcdoWKViiqduLo.jpg,/hSMhHSKOXLe0VGiDSbTwBbX55xv.jpg
115838,Escape From ... Collection,/8Zih8QGPJNXUuws0fIZmjxjs2Su.jpg,/c9mWaF2oeodriDLqYQr425sasxo.jpg
105625,House of 1000 Corpses Collection,/7xpo52YDhHNFG5qdrLxhG58k0ke.jpg,/osLewbX6FJMy1iUcNHm6hoiNH0j.jpg
221544,The Mummy (Universal Series),/AvNgVQAVU7glcRawxyXnyHMPPbk.jpg,/9Hurk1iwEE3USJpBe48FChOSROC.jpg
294172,Tekken Collection,/amqmsjZIyrq9DqzIhs7fNfai25a.jpg,/4WOhFDNOvyqbAu8eB3HO3Eep0ND.jpg
86347,Short Circuit Collection,/AZFGrT6LotCm69uNgVnTkUYBGh.jpg,/o3C0qlKyg7Haot9ZVqtRtsrKwWc.jpg
259085,Ironclad Collection,/dwkPbDOYCOZ7Wxan1YJ2taVF7zu.jpg,
86307,Cocoon Collection,/qKtNXCcY3DMJ8T7cs47yDwpU5fT.jpg,/o32F4wuQJPBnP5FVkOGP9DxGYJI.jpg
304,Ocean's Collection,/rMWeMGBftk6IxNW5mJVH8ZXAvuq.jpg,/vxmFb03PyjycekffLqXqFibbCzx.jpg
117693,Balto Collection,/w0ZgH6Lgxt2bQYnf1ss74UvYftm.jpg,/9VM5LiJV0bGb1st1KyHA3cVnO2G.jpg
41649,The Party Collection,/5iNzKbwx1A98RzHKfVlAW6dBFgl.jpg,/ei81wJg1P8OwRyhQkXWqmNJ1Y9F.jpg
86578,Hostel Collection,/2jLQFRlH8CC9cptcANY5cEtC1q8.jpg,/rXf4gEh8m3ZcK9KHkxT78Kscxee.jpg
103577,The Whole Nine/Ten Yards Collection,/m6tkyCcOm4wzklAvsT0jyaM5mgY.jpg,/ttaiuuOHjYLTszcbADBZImqRK5H.jpg
330605,The Sting Collection,,
9329,Young Guns Collection,/5Mb6Y6RnyHu8SzO5gQl2YgO8Z6n.jpg,/whZZ13xGyCLFn21yVhQ9RXMSuKh.jpg
185682,The Adventures of Antoine Doinel,/66hyq0YtgBjrfT2kB1YJu33UDcy.jpg,/hT6f042PKqsMjt0t8vPEE7yocKj.jpg
86780,Clash of the Titans Collection,/3TXIuCHr2m9oZcLJOc5qo9o5WsT.jpg,/vmE52XvE2yWWQFt4g1x17K070gY.jpg
217704,The Vampire Chronicles,/1Iop0dywqQeD5Mm7oRVR8vZ8gkj.jpg,/5margBoJC97ZrciVpAUc0PiY6Rc.jpg
313576,Hot Tub Time Machine Collection,/iEhb00TGPucF0b4joM1ieyY026U.jpg,/noeTVcgpBiD48fDjFVic1Vz7ope.jpg
8783,Fievel Collection,/spEFy5eHaNuINNHhwtCWKy1bBiY.jpg,
87536,Warlock Collection,/wkwtv5NMpBfo1eGjZpNJEQ2cZH0.jpg,/im5iJHo8UwswhKHlcADqUO3sZtA.jpg
400700,Neighbors Collection,/iBPR2I6kByq7ZwBnwXVrYOHRj4U.jpg,/x5S20jb15ruRQd0gY1ZST9dJP7b.jpg
90306,Ghost Rider Collection,/bZBasloaMhjxCwH6tV0eziNMqut.jpg,/ee8zhn4VIXQh1J5t7efyybcvHLj.jpg
126221,George of the Jungle Collection,/hUiYlza9hxgAhI203WuzB4HbhDv.jpg,
96677,Red Cliff Collection,/3KFgWRuNk3d9QGCnQUXKJSsfrLC.jpg,/46G7BAqK6LDAxIFVLq926rzN65o.jpg
144689,Honey Collection,/eOEDDWsZmW2M9TKiQK9Nk5MjDe6.jpg,/nldi0pe9vJyUg87nE6OjL5MzrDn.jpg
115225,Children of the Corn Collection,/v6auJblMcNxUmZx23mQXMHmzyY3.jpg,/g4aK8Up5zSegesJdMYbxDcndn20.jpg
123256,Pumpkinhead Collection,/3CHL2ezo3OclNNBQ51BRVXHE7Ji.jpg,
90863,Rush Hour Collection,/pTjvzlYByJuZ4TTkmlHIe4aDFy2.jpg,/uoDt3eCCKpcxSQVWjPTgN8T0gjm.jpg
87631,The Musketeers Collection,/kaRcbucpuJzVYqiu0fLg0qKdrS8.jpg,
350309,Bahubali Collection,/4YAX6AIFsU7gCCWAxoQ5ajdwSIN.jpg,/15RXyQFy6g2Wp7FH7Lp4RPEcxjX.jpg
85861,Beverly Hills Cop Collection,/fjKbHh7GpTARbiLj0RF7zc5iD0G.jpg,/lhZQuT76B9YcxZIudXZMhhWCKcl.jpg
135468,G.I. Joe (Live-Action) Collection,/8ykKDU3FisEFtCpPZloB1jqcAIn.jpg,/m3ip0ci0TnX0ATUxpweqElYCeq4.jpg
10453,Poltergeist Collection,/8Z6P04pKGvCnkmHdAl2lmbfAIbN.jpg,/i8QZZV1olny9FCPNrxAL7Kk9CJy.jpg
529,Wallace & Gromit Collection,/993pCCMO9g9RQUtNDxQgE1B330H.jpg,/huyrvVKEKa9czUY89fnvaAVAtkX.jpg
66761,Open Season Collection,/ePeybVSOnCmuWrrvGEp8hzWn979.jpg,/cnaLzqjxlqGMIp7AGCizfVXUhSn.jpg
167456,Our Man Flint Collection,/Aft6eZ6E9s0CkUWCAVnj6KBjVuT.jpg,
119050,Grumpy Old Men Collection,/nLvUdqgPgm3F85NMCii9gVFUcet.jpg,/hypTnLot2z8wpFS7qwsQHW1uV8u.jpg
237445,Inspector Gadget Collection,/m80WunRaXoCBeKcYfoGAldyBWOc.jpg,/AosJpZ6TvYFYtRzvgFfb82g2S70.jpg
52783,Wall Street Collection,/dmGQDIrfvmr5rahYcVhpS2xx6oy.jpg,/sEKYBSwZFFppJ5GmEVxsECr7ilR.jpg
261382,Clint Eastwood's Iwo Jima Collection,/rnRE6JGz9yjYUAbWIHYkGu9B8pj.jpg,/dIYpFavJ8vNCv9pefEabsUL1pDP.jpg
86334,The Prince & Me Collection,/gw6Mu3cfjNEQ5IUeNpqs7z8CIOE.jpg,
85817,Arthur and the Invisibles Collection,/lpKNbnUpP0h0cnVwC1LaE9YJB3U.jpg,/e8Q363orc1wi02TSSoDDlil2qXh.jpg
387219,The Hustler Collection,/8kBQvshMpK76aET1hLfAxnDle5W.jpg,
126209,Halloween (Rob Zombie Series) Collection,/eFfRMP387MTJ4jl0gcE5jvS9XXN.jpg,/tXXPOkcFLcDiJ4OU5SOU3JnhQrg.jpg
374386,Anglo-Zulu War Collection,/vTMH9piXnVkiSXKlwodvAfMAfRu.jpg,/5OvHS4IwrLLTQhjm3QN9Js9d953.jpg
270252,Planes Collection,/tvzKXcXiJuUwOlni9MV00LCtqNm.jpg,/zGoePWKFLVJlxDWUUJhxSQgmkCa.jpg
59586,The Blue Lagoon collection,/A4U11Zhp5KjiKOrghNlqNlmrbhw.jpg,/m8LAOuIhlCBr6dWdtVF2C2ioMrc.jpg
378268,Havoc Collection,/fqgmbgxRGQX9duuTofbtqrJrMk8.jpg,
439053,Brooklyn Cigar Store Collection,/bgiPsYjbjbRFmEeUfYlp8ZDBVJJ.jpg,/r4Ov7P8OADcOxfpuDujoJl2Cqry.jpg
436295,Surf's Up Collection,/7h8x4evTAlErpv7OQwCLpS0KLXm.jpg,/tkoEC5mLB1lyGiIejCRgulYaeLf.jpg
264338,Rosemary's Baby Collection,/yP9DnKsSGcEuHJktQYotND6dsgJ.jpg,/36RmiFNEbyfTOF3GG17rOyv4XGD.jpg
86113,Open Water Collection,/85FaIaxEgpHolq41GSBYF4c14nj.jpg,/2vc1MmKa9vMPQerdwLa3fZVhBOS.jpg
286948,Nemesis Collection,/nKAGlTL97Sp1zIy3f6rGEqjyjGG.jpg,
430201,Demons Collection,/ii12LvfoRNggtXbhnbhxElFak8j.jpg,
124916,101 Dalmatians (Live-Action) Collection,/oSeIai1ioj4dbq7WgbPzpsSCzkS.jpg,/eTaNHqpi7VldgcrDetfTzk4FeDi.jpg
108693,National Lampoon's Vacation Collection,/zvEUkLpDO7xlgabBEA9CCc0cvAt.jpg,/pBmhj6KkEjlzc3e7jAPkIHgGIrE.jpg
123726,Quatermass (Hammer series),/skk1tmdHnvySB8kADEtoOActyOc.jpg,
99606,Mean Girls Collection,/9XoyvX5uWQRoiz9IodCgUoXLw2V.jpg,
286904,Ultimate Avengers Collection,/kUCn2BUhItvzyirayEiv83XNHW8.jpg,/9DA9dxRE0fRlpl4amBmLCjQdZay.jpg
286177,Footsoldier Collection,/ecsYKWJ4sjNVCWZR947SaQgVW82.jpg,/qEO2IQcBy3nzcYbrLZlIVJJMEdl.jpg
33071,Cheech & Chong Collection,/mI9ggvzjaDIGN1qcrM9fvATHVmZ.jpg,/tJqD18aCja9kNpZ1W2r5gZK2qdq.jpg
115570,Star Trek: The Next Generation Collection,/sddV6vaUC6x37icJS3opIXTXB07.jpg,/r7MMQenUURHhAVHFymtOb8AX4Bm.jpg
8647,The Skulls Collection,/392GB5TvPpFYiGsjQpABlPOluxh.jpg,
425164,Dragon Ball Z (Movie) Collection,/2VMZ1zRFPnUQtQp5K4WRXvDYBjh.jpg,/7PcbijxTfwi9vjWEfXdS0ReAw8q.jpg
1657,Zorro Collection,/ziQDmVR3VE0hC0GDWgaQwz0H3Ff.jpg,/wZCWCe4jPJz04dvVGLQ8TtOq9Js.jpg
57971,The Rescuers Collection,/kTrFEqoVLEpw82bkxtRApD69dE1.jpg,/bR0XKmrmPZtHX6oQ1nH1DEPX08G.jpg
123800,Before... Collection,/giaxAC74fht0LVQ4WKVoDzLM2Iy.jpg,/wtNugZq8ZzBYwPIh3VoNUJdkBWG.jpg
43064,Speed Collection,/9poztwq7SXjEETRdWXcJsl58kxV.jpg,/75mSNcKIkfZSjXDgytC8UFe6vBl.jpg
212562,Jump Street Collection,/vufY0iuDNXGEdYOgZNcJFAEZeak.jpg,/iiAbTNYXpMadPDH4MkjUoJzcGn4.jpg
3167,Ace Ventura Collection,/qCxH543pScFed1CycwJ1nVgrkOc.jpg,/bswWgdDsLu0fhWMYUzLF8XgiK4h.jpg
98513,Behind Enemy Lines Collection,/baDDWPQgZyBKiDNeipLJ9LEZ5BX.jpg,/5sMWk8wutGCFAM7MAFPQJyc0ny0.jpg
123724,Dracula (Hammer Series),/n5SozLvdQZ7cYJb22ZIwNw1DzSg.jpg,/hybYYwBqaomfePU3uaiJfpg7ykC.jpg
321063,The Sinbad Collection,/t1vJrS8oSN9JpiLdVRhadMXy52X.jpg,
2396,Asterix and Obelix Collection,/f6C6tDEU3aJndJokSLvYLuwVt0k.jpg,/vm0i4KIscrTiUsri21z1SOIG4fo.jpg
10709,The Mighty Ducks Collection,/aUM5CXRiOu0YgrRZtDZSp997zgr.jpg,/8C8f3UkMgNofmipZ4b42UqdnUYb.jpg
246091,Krrish Collection,/h5lAktTIgcTyTrMMAY6Fa5mZ6Mh.jpg,/5LPLQgoIY2n0PDCEaOPUQuFksUV.jpg
126580,One Missed Call Collection,/gzyRPYJz8UEKAhhzEqbDu53RkwY.jpg,/p5Vwy8xLo7AQqpNN0vlawQbqJDd.jpg
138706,The Stepfather Collection,/6eDLlwDzze6pZVF3lnpLGvKgblX.jpg,
71458,3 Ninjas Collection,/cApZ5GwwzMsA991J6uAOb52Js0s.jpg,
166844,Sammy's Adventure Collection,/caBrlKvlRaOjd2gHbyyqaBDKyR7.jpg,/iOBB6wAoOCuMM9pwU9C6rhIAbmj.jpg
456,Sissi Collection,/4tVV2YsrhK2hi43LlqNBRBvmsIQ.jpg,/zJU3dyafiEPdH29h7NKJGj7u7cu.jpg
3601,I Know What You Did Last Summer Collection,/2g6Ui3CCNcDtL4wasCziivogpfW.jpg,/g7RBq92ijQg1MAF2hF69rWT6Ux8.jpg
427084,The Secret Life of Pets Collection,/aDNbXvuRiuYxk8qCwXNQQ7UEHau.jpg,
458017,Tom and Jerry Collection,/yBLkGyOVYN9yaQFVlRNnQapOMFQ.jpg,/hJuGS7kqaNxdHHDMEuof2GamCcK.jpg
86224,The Saint Collection,/3dliYexStkZy6NOAH533Y8oduOj.jpg,
110179,The Cutting Edge Collection,,
87805,The Gods Must Be Crazy Collection,/3KAJpE2OOimXE5Z15LHARbeA0eC.jpg,/3u6As0EKP2KKPNhzQObCgdYvm7f.jpg
43066,Teen Wolf Collection,/gJEtFrz4lNFhPoQ5cFvSekZQJDT.jpg,/n48aLnG4NpTWpu1PXxxgFMYlbCM.jpg
8979,Wayne's World Collection,/pSzpPW6pYtqJq038okmxBBE5zmN.jpg,/o0FVB2mVYTIjTuu89tW98QGzZzi.jpg
423173,Bad Santa Collection,/2OkB4GagVy1n7M8Q94FRzsOErPE.jpg,/plVMZOMBsHUNNkCQEoY1rW0B5Qb.jpg
100965,Atlantis Collection,/l9wffaf3zMw2fOYDnMrU479IeBv.jpg,/vJOfi2m9yaQGu7LPRcBL44KDU7r.jpg
135502,Allan Quatermain Collection,/mNNITfwWSmohrgvC2OCJoGiywBX.jpg,/laC6eKju8ztT6URFBR0HG6vx0dd.jpg
9818,Mortal Kombat Collection,/nauCllomdtyciLCRcVrSJKcJQbn.jpg,/qD3efz57VGNywAN4lTvgz3FHnBb.jpg
118415,Berserk: Golden Age Arc,/vhgxnF9xEJZllqWs7iqD0yXpfL0.jpg,/iaElhxBtT6fTlaiUp7ZZDNOyqLf.jpg
8917,Hellraiser Collection,/lIK0UgJsA18Z5I1PwpucXzgyF3A.jpg,/uaEUgCqB6lGkvM4Wy5blNwLJdfa.jpg
141292,The Secret Of NIMH Collection,/y0S9nsG7bDUgblBiYd0pciE57zr.jpg,/z9k5Uu2vXRDSclQU35bb7PhMG6U.jpg
169740,The Haunting in Connecticut Collection,/6uIGXwqIfdg0IQw3bvfS49VMKHh.jpg,/1sWTV5QaoDnBTTSbElUfe5zBcu2.jpg
8936,Bridget Jones Collection,/fB3BE3TL85Wh7dxNJf226IYQCp.jpg,/jiS4x140miaEH524CAFTvuxrcZ1.jpg
230161,Fright Night (Reboot) Collection,/j552uoYU3B45mIHLPBorkdoW0Mr.jpg,/9N1PbMkYJ5Zn2suUSHt38lAJnkD.jpg
207621,V/H/S Collection,/esfk62fcqTWqB90dAHaVMbDWmbM.jpg,/wSdVm0uxEvYlwMxOAhipUUzey4w.jpg
23026,Ghost in the Shell Collection,/xEQVBrAd1hWtwCeK39RQ84CRqB7.jpg,/xt0E8CHXzLxEoiPqrjZMRrM4Izi.jpg
143766,The Substitute Collection,/hImw5aICI3kqEFARKVBzHkehVWb.jpg,
498,Heart of Gold Collection,/cwrmUIVzOuR9FdqKBfERkMHdde0.jpg,/293UTX2btTkblOL7WZF1Q7veIJm.jpg
86117,Johnny English Collection,/3a2BVS2aFHK66pnIqFKcJ9HaC45.jpg,/pMHHhMKu2iQichL6Eym4ApCvIEB.jpg
110021,The Magnificent Seven Collection,/qI64OS0Mqloq3wm1x4TWxXEDnVQ.jpg,/jwevUd9BsWY9QTJZL5bFjWPoyqZ.jpg
4563,The Vengeance Collection,/ilyS5xmHzMtTq4ngVRNKvZEbSRo.jpg,/t5zZZOvXK8m5z1omMdEEWcL6ywl.jpg
299748,Walking Tall Collection,/wdk59P3cjnx8w78o1K5pos0yUgN.jpg,/zzVAOPbmA8bGmRVV8NsV8swBrbG.jpg
88574,Scanners Collection,/k5fcdW17cUNbyUVWqGu0Uc8QszN.jpg,
47814,The Thin Man Collection,/ro4YziSxDdrfON4CDHwNXvblCD1.jpg,/2yt8EpI4lobOqyANq9jN6b585zZ.jpg
89264,Romancing the Stone Collection,/mHJHMng2y2jLHgz2S8AoACVgJMi.jpg,/kwgTcDfbrvVTqMOczKfFqJa3d7p.jpg
48190,Revenge of the Nerds Collection,/qOnoXEdrSnBuS3FMAFRIgyJSM2r.jpg,
458558,Mamma Mia! Collection,,/ebetnrgQW2htYdNoB9tygrpmAzW.jpg
257960,The Raid Collection,/dXNof3qb8sY9QOmJ7jdU48ILH7e.jpg,/oRQ7INsPDVon7U2jphXDr7LSP3H.jpg
154002,Easy Money Collection,/39LIOuekPyk1FYNKwbxZHQ0rqvz.jpg,/pMdlCJtTav1E7xKFU4W57m3ewBo.jpg
43055,Conan the Barbarian Collection,/vguM8mJmArTn9ePTm8fK0Ryt7EI.jpg,/lGhx5lQiPJ79piSrXHgN5pSmJjh.jpg
425175,Texas Chainsaw (Reboot) Collection,/aLObVUVnJAl0yaA4LVEMcYJYdD5.jpg,/9z2HzirMPY51IBrBTFlt21JX3iP.jpg
182813,Clerks Collection,/qEjGvJ9I2ak6ENjdJ23dfjqLkAK.jpg,/6Fjkbh2DVAvVZa3c1HamblAN5Bg.jpg
1974,The Grudge Collection,/dohOSIYDEK42stdfKo0pQfrve0h.jpg,/nRfDTqIuaVLu2aB0qFuSmw8btp0.jpg
456576,Journey to the West Collection,/nfjhqCr1t9l4iKddQ5q3dgZ5rEb.jpg,/r0zfRbA5lfP3QBQ9bHw97bwJaUG.jpg
246839,Center Stage Collection,/uQDnd1Ws2w62WTDsjOxLyOYoWqL.jpg,/iNDAKlYSc1TGB0EutAzw7OObGrt.jpg
411859,Barbie Fairytopia Collection,/4QBKl6GnvFZRd2r9UK9kMyRLBm1.jpg,
104847,Caddyshack Collection,/yMNHFk8vcWSnzDduz7OZyPhCUrQ.jpg,/nt3U4uU8GJz2zg2oTXSUFbFhI6j.jpg
211721,Taxi Collection,/nCzy28TbMJDJLxuaPgQZrLgmuT7.jpg,/74R8bq4RDuxK3F0VPGlse4YH3Ab.jpg
353325,Joe Dirt Collection,/mGBcUtULhBQnJtmNlZO2J7Escph.jpg,/x1blCWyMyhAfZ5nDmqUHtdyATFS.jpg
107725,Creepshow Collection,/wvoSFYgc36Zz2j8eDvysKDW1FZ.jpg,/yGxQgs3qBfmKk7VKT8VfyLKkA1I.jpg
72547,Journey Collection,/f3InNhgFNIvW3pwmjzB7lVtr028.jpg,/76AoK99XDWgIRrhtyrB0kOWYyfe.jpg
352789,Zoolander Collection,/a53tBdjpma78xibq2OGJpMxhrNE.jpg,/tbWTPL6DiF28qv1OkDDH2gLWE6H.jpg
292068,The Pact Collection,/rbUjkAEvcoywQ9FtOznhPus2upy.jpg,/xaDieVQyxBl0ZF5QWRKnLrgwrhQ.jpg
229932,Rio Collection,/AuaToCmX55xDycK4oFJEYMgcK0O.jpg,/ndCkoXtdQErEb7RAfq0Y93xZzoG.jpg
87214,The Sandlot Collection,/p2m9JzwjQukKKZfMrLF4HdW54X1.jpg,
262011,Sleuth Collection,,
297371,Reeker Collection,/y7Y691iWoyA6uXlZfWDHTFIoADq.jpg,
195441,Dennis the Menace Collection,/gSJO149uXqwqkTNfCYyj5KnMLW6.jpg,
410261,A Goofy Movie Collection,/4AkuuP5ljZMsAhzVnpzIXPSmDoy.jpg,/yiLa63gIb7EGH9BbUWXHwI6PMmx.jpg
58588,Infernal Affairs Collection,/3D2jatriBWHO5NcMFwG0FYfmdbB.jpg,/ieW4mJg2C3HYBWSUM8lElbf9s6D.jpg
104833,Fletch Collection,/kf8dk2ASMf0DEi5TZRXK47MDeHU.jpg,/1mfDXSIPdbpBfTtdjmKnfSuAYUx.jpg
372257,The Poseidon Adventure Collection,,
179919,Percy Jackson Collection,/fimFFNm5LTSTaYcQEbjrFXT4rgo.jpg,/a7ptPlBghCbXkLaeSro6bNXFfIe.jpg
166378,Joy Ride Collection,/ln6CZn4pEBOea3757FaMukhgp25.jpg,/eDU0xWJge0Sj2A1hyp5NtTcc3OZ.jpg
93791,Anchorman Collection,/xjnbrB93Vj5yGYwU0uuW8Tu2qoc.jpg,/eUU6edsZcr7I0AO8rHcB3vQwcOH.jpg
59567,Shanghai Noon Collection,/ni5KHVDmSGjdqdcf0sew2c2xZ37.jpg,/xkA3OKXATV7c0hIXoETdHXUIpE8.jpg
124188,Pulse Collection,/ttm2U2EUHXO8v0qrlKVw5SW8grN.jpg,/9An6u5Eu7h1J3IWxlari934faJl.jpg
99321,Gantz Collection,/skFcVGFq2BHJlnhaVJvahkBweON.jpg,/m5NYwsLPsAxxdrm67RxII19yENV.jpg
286038,Dead Snow Collection,/qhvXYMyPWcFeOsoO4EqOS8T9lwI.jpg,/nV090IHp1kG5oMgDCmGSYAwkN8D.jpg
9338,Police Academy Collection,/1VRdXVy2FYlX4EtllnLKWK6kYDJ.jpg,/RhpI828r9EKPV4x0pyHiqCDZDQ.jpg
34055,Pokémon Collection,/j5te0YNZAMXDBnsqTUDKIBEt8iu.jpg,/iGoYKA0TFfgSoZpG2u5viTJMGfK.jpg
10456,Dirty Harry Collection,/bS1ioomHh2emKAZ6vWn17UZnhDx.jpg,/nlpixhOhb3JmFqVXKjCwpYFpldf.jpg
123218,Troll Collection,/pyJAsz6hbAzkx5Kw9CvI8jRkOmw.jpg,
405393,The Black Stallion Collection,/1B4F7R10v5JL9Qplqttl5h9LVEe.jpg,/iyWB8vLTJQemdLahc82NRR7jb86.jpg
100970,The Fox and the Hound Collection,/ph2KiQxp8xmgA5ENoBhETvJnYw9.jpg,/fEix7vMN09DUvt7nHh9qFwN9Op9.jpg
9068,The Prophecy Collection,/pU4wvBeirFDNk8rs9tsGZLa7Kyb.jpg,
87253,High School Musical Collection,/dXIgM9sEWIkUfRH8GZUKHv1t5n.jpg,/t1mwGPJi3NkwMeyeUHr9zlQhlTo.jpg
201576,The Cabin Fever Collection,/u4SLX7S1SdBzaUzPpGWfRaEa1E1.jpg,/j82lEJUxFlXC35Pi75P3sAbkTUq.jpg
10893,Critters Collection,/rWZytVHeFsADHeuoPCIf4c7Qepb.jpg,/9K0ycQWRv4vSL1oM8y7dOXwFpy6.jpg
12087,Herbie Collection,/uFvt8t7HlB6BzjiJDU6ea1eI28L.jpg,/hgi9EeU50KFhv9pCDmJyx4VLp5G.jpg
134011,The Fugitive / U.S. Marshals Collection,/idhUzfuEC24PTYhkWasivjoA3O0.jpg,/9xbrJQoHkTgkXY8oDsTmND0FiEX.jpg
143755,Henry: Portrait of a Serial Killer Collection,,
161373,Tai Chi Collection,/1Mt5wJcSv4hq9naweG9mIYoJgVp.jpg,
174386,Into the Blue Collection,/dbWCijxyc3YxFdiQen63GTyvu4l.jpg,/sWnLZZaUHEKGQOVn445k91pfjrb.jpg
86115,Garfield Collection,/fPCiS9fijCf8zHaddw2QHL6SLgK.jpg,/hamWxhHSk0oZTcX8uj4PnAooM6h.jpg
133830,Star Wars: The Ewok Adventures Collection,/iY9Smj4RQB1ey8QB0JcMtV35uc1.jpg,/9IwrTRYGaxrlbRjCs7UBRzU0skS.jpg
285564,Jarhead Collection,/aRFpBjCseFD6UmahAuLdqS7Or5q.jpg,/ifSnip5tvaHvxLPAyjkiihE6T2I.jpg
9649,Mexico Trilogy,/qmPhILSFQKaRyc81mVJWl05tHai.jpg,/6p1OzuIKWnTDfDea7IpB9xra5J.jpg
8580,The Karate Kid Collection,/o6h2F0C5eZOy50Q76fNYzc9mvvw.jpg,/1ok5JGCsDt4Sh3CkFeXh2F2KB7F.jpg
166373,The Marine Collection,/7sPY1VK4yD5Zlv16DUei65rtrjn.jpg,/rpUficLJq3I7GvRafTVT1TVRsms.jpg
110127,Analyze Collection,/cujx4R1DmJdjIdiCWtQULIvCyix.jpg,/bNcKGfgqck8SQALVlZcMRcjOwBE.jpg
112399,Under Siege Collection,/5hkZdonGNmoqatnadpDnIgEbrho.jpg,/4Ysa3x4wDwolRpUXBCrig7szGon.jpg
224478,The Brady Bunch Collection,/cXW4na1zatUrsxgsssY8uwJ6A3t.jpg,
376650,Ride Along Collection,/7bjrke8mdxWG3PnFgvipbEOhc0Q.jpg,/3ZX5hvXjMxWJ5joyJxmWJT5nZDo.jpg
98036,Re-Animator Collection,/j1v4JQUVwCDH2KKJGjFeShXp2JT.jpg,/keGIwkLEaN2iBUPnXvqGbbNOVbq.jpg
86860,Scooby-Doo Collection,/YAuhbJKSG1R42QHJmbGsNQ80Fd.jpg,/aj598PG0VipBkiQXtikXdX5jRR4.jpg
1952,USA: Land of Opportunities Collection,,
35792,Nanny McPhee Collection,/iM75l6CCjaMOLUAIyAEfv6ISyQJ.jpg,/zxj5yar9KeGiCfZu57GfalPsBbL.jpg
25410,The Art of War Collection,/8VJpn8DZwZvKnyA3HBfQfjGKupG.jpg,/9G3CBEg7QlQ9MQcNgA5IwcghNYO.jpg
101471,Return of the Living Dead Collection,/7ekXvck6C94gKbfH6WlKK2qqdVL.jpg,/sgOyuSHKowya0OJprukWUpXsZGq.jpg
110177,Goal! Collection,/jaUSrep1RTzr73QPN3DNkW4LiRn.jpg,/mKTYkGMseCEFXuZ4CjuZ00xXRCd.jpg
244500,Gangs of Wasseypur Collection,/mw4P2FgPRdShebmSWBqg7iEeHuf.jpg,/np1EtGTfbKBEDQnRTZrcu7J3eAN.jpg
86029,Charlie's Angels Collection,/jBKUntSuSUfxTXI8XWABpdWmWEt.jpg,/syWm5FMScW6JHaCM2C9aduCzUtp.jpg
108502,The Discworld Collection,/3eGJF4MICUu9KJ7TcEQxjb10YrI.jpg,/x1xgpkM4CBIQgGEVy6TTyf9KOke.jpg
176118,The Are We Collection,/fyQ1tpTvag7IXBJOhltUomI4LUv.jpg,/uZRixx529cMcwqmYW5xGFIso7Q3.jpg
230532,Marley & Me Collection,/2GTOEdjaUbElrXhH0XhOADDoZxf.jpg,/gRoCEiWVcTsV0HxWIezuhVoDiAa.jpg
96937,The Boogeyman Collection,/rR4Vga4sQhD4YTF7QtMxkfMvN6F.jpg,/oVP6PrxHf4D745QJ2Pp8ojSpcqF.jpg
53159,The Santa Clause Collection,/1h8iA6i2DpPhsHC65nUB2voVnm5.jpg,/jQiwVHJN1rsS4DqhF7hlYZTYCH.jpg
86028,The Nutty Professor Collection,/a6zC38ID7EyAflo8tsPDP4IE0Mt.jpg,/mW1NQFOSCwwgk03SpcpwiQEL2Lo.jpg
478442,Lammbock Collection,/kEasQuxb1LYV7sOaaGl2NQ0iMLJ.jpg,/9BtQ6KC6QIT824WZaeMf5JZnXKB.jpg
164395,The Messengers Collection,/dGyFMB1jNJUGSNQwVf4GfXA7yci.jpg,/nzlrtkXmUtsWQDeTxu3s7oft0lv.jpg
303872,Little Nicholas Collection,/vqvsUED8Uxy8ukccMiXIa9W8HJJ.jpg,/jUi2ofYc02NnfL5B5ipLhQeTOe4.jpg
437628,Constantine Collection,,
57129,Rugrats Collection,/zamw6yLqCFqAHG1HPSPOCws82Bb.jpg,/pFgV70FI1URDLFY3bllhPl6sC33.jpg
94589,Ong Bak Collection,/gG0gMDRnbOBLuKvRa0Q7naOD4yF.jpg,/wqyznAkjOn5nhRYYH7Gl6Bcq3kg.jpg
2794,The Chronicles of Riddick Collection,/4R2zrqk9KzgxU9UDH3yUUsENXR.jpg,/xb5zyHecWA7UACdiNPXDA3m5HSY.jpg
441439,Alienation Trilogy,/3yHS9WWCL8RQlWCZqKFrF23oS0e.jpg,/5nQqIlvdpgRQrTYG8H1LcwFXCC9.jpg
258664,Nymphomaniac Collection,/mkML1KIuHsv9bF5cdwMl6W8S0V1.jpg,/pUswifNwnQ5beSsqbAj1585ugIa.jpg
86486,Spy Kids Collection,/yqpS8N5w7VYo3gmFtHsGwHTV4Td.jpg,/oxjNAfQJ1OrySttZSeLayky6T9k.jpg
102019,Death Note Collection,/jh35G1kYbqEOddhxny6KmRHc9FI.jpg,/2y42CZ6LTtpJKYRf0dUEFQ13W9f.jpg
87256,Beverly Hills Chihuahua Collection,/v7ofpZSklN0m2ecuHUWeO8S6ZUb.jpg,/jOIk7nAwq7rKLFz8h25soLVSSFf.jpg
407273,Dead Rising Collection,/uutDuta5s9wkClEtuPPwHpgqk73.jpg,/5XvDksmqMvsDgNbVYOgIJiZ5L0W.jpg
239766,The Klapisch Trilogy,/woD0gFHbZgwi9RpLL0uSQ56hnJA.jpg,/p7g6oUYWhKS1TmLo4xBMnDNcsGh.jpg
192541,The Twins Effect Collection,,
256287,Justice League (Animated) Collection,/ot4XTk6kXtWykmeFMMBoEgBn3Kp.jpg,/v4ijBegXGXDltrqRbhlEQqfoDl2.jpg
140612,Fullmetal Alchemist Collection,/dauohkVyn7ldCAr0sP54BiUZ8YG.jpg,
93220,Miss Congeniality Collection,/wgQWsSsvB1iu1Pwc4nUP9E5bRzs.jpg,/7TIT28YbhAOeQGD2q2hJ9j83jI1.jpg
99635,A Better Tomorrow Collection,/b7UQJjwIXLtKejp5FvspTqRh9VP.jpg,/mLtlXvBFG6Q2BZHkeciWO3BYfhH.jpg
116847,Dr. Phibes Collection,/qjewCqGqnM6uBHdMWbejkkxTXDU.jpg,/5eVk3lK6bE3JM6z9EuSYL1xsSxf.jpg
115142,Tales from the Crypt Collection,/mjP1Ktqz3VCyX2akRAIjgxaALwx.jpg,/o9Nll2BovcZ9EDmBBMmnHx99wP4.jpg
212525,Trinità  Collection,/xeBp2B7IMgI7zh0CKCtehnhwvLw.jpg,/6DNoTs6QscEGO5N6qNISWLwJBKO.jpg
3169,Dr. Dolittle Collection,/gCY8N724wNeAfegWCAkTjUSMr34.jpg,/dtz0ju3dikZaiSJ9HmVoMs9imT8.jpg
87228,Swamp Thing Collection,/niEEDNB366pMOI5RRcw36QGaGDm.jpg,/w0jv6vdKe3TGOLaCgPbZOu85gas.jpg
97445,Air Bud Collection,/6uJ2GXA5kBskJx6emTuHyp2S3ww.jpg,/3iROV2GdrAFz6lbrGneQLt8lc7K.jpg
33938,Airport Collection,/yDnEIOmCgPZJ55d8WeRjlgqgi78.jpg,/aahejNK1UOMWT2FNGOjgQDvczE.jpg
87255,Hoodwinked! Collection,/6DEGMNNnJcdH020Yl5HMqDkX1hL.jpg,/sIn465LgZqpxWnNjXSmpygpRnl3.jpg
14246,Sniper Collection,/kbXbfY8DZWZmleuiBNxbfFencjp.jpg,/xmXnB27dZSp1SliHOyTio25P3Il.jpg
464270,The Man from Earth Collection,,
261526,Slap Shot Collection,/kFZUWeX5oRJ0qSwj8fUlC7sWOxK.jpg,/Abqfc8k2Pzf2TVEiDbu5SECqUUJ.jpg
257053,Carrie Collection,/5atZnoMxfDtEJbc1XpdYJLRLsRT.jpg,/dq9R9yertBFLssefa5d43XApBr9.jpg
99727,Stuart Little Collection,/tBWjHQBmEa91Pa3R96zGdosULom.jpg,/diOx2L0SIlgrriuYebChp9UNX65.jpg
17368,The Sisterhood of the Traveling Pants Collection,/kq1Hu7CmNyKJ5XTW5BK9yqOlQfi.jpg,/u0kYMfyYCEKuWvf3zZLorEhUKzR.jpg
14890,Bad Boys Collection,/tSVbihfvVTCbcm0zXKA7L8R6Y9v.jpg,/yUvBiiC77UY6SyKhfFyLj7DNbfh.jpg
3963,The Crimson Rivers Collection,/hNZb0GKybJzF7x5H5dBtLRiw8TA.jpg,/lCTHir1L6IDfHNv8U1skkGQnImr.jpg
210006,Machete Collection,/7kN9MY7htPG0sI598VJK2pB6zEs.jpg,/vURYjEnOd8if3juhZh6HRcTJs7T.jpg
306937,Best Exotic Marigold Hotel Collection,/8pMHYwfR8K2xR19RilAuVCyEBT.jpg,/6rJSC6vA9tfEnAh4RN9ne6cInQL.jpg
44215,Stargate SG-1 Collection,/5TTU7voIo3t0IYzZTPQQAbawy6Y.jpg,/fwVVh9o0WZsZNstpX3O55ff7Hs8.jpg
244242,Ninja Collection,/5tvYqIIfHnDZMoAqjWiueQC7fPW.jpg,/uLoTeDA85tbpBMLwIchHh6xpnaK.jpg
124950,American Graffiti Collection,/nXbscwjttQTQ5OWskK7TSi5CSpH.jpg,/fkQH8aHqLpdDYXyCXdqRgYOhsoN.jpg
50457,Sex and the City Collection,/o3e5Im6iL5tksRBsIS8TnxQK0uv.jpg,/uM6lHfySQ5sQEuUyMxKdtxsp3CQ.jpg
85946,District 13 Collection,/vNDuGLyr1yT2mY2y41SSWDKiLgu.jpg,/6d8jbKsWVUKrKBHMcf9mvBkFCgv.jpg
276838,When a Stranger Calls Collection,/7UbKcurnuSzVrMbHsISa5AfLNNp.jpg,
10721,Mimic Collection,/oKG4cGU0hw6ONVyjrS2qECQinrg.jpg,/AmlJVxC6M1BfZgpgtuBoTg1Jwqq.jpg
304025,Gwendolyn Shepherd Collection,/ugNJZPPb4nXz9HF1x20uaSwg3bd.jpg,/9XK13AJkQebk3lMTGsPztU6U1f6.jpg
46512,Missing in Action Collection,/t1pfgb8r4Kx3qLN4H8vDZdfD50R.jpg,/6VIGk6OIqlKWrb4rjTvDklBfv1n.jpg
93568,Cross of Iron Collection,/aNgXkZP4Crwj5yiDVrYDcJ72nFl.jpg,/lkEfxrhE6kAFY8l5Og5UwPquNQl.jpg
109076,Lost Boys Collection,/rpuL8zSLmVt34gwk03gSGReSjog.jpg,/qXpWa7kDopkOyEhuZtOLgIh4SW9.jpg
19285,Leprechaun Collection (Original Series),/kdnaM7K8T8oXwWk2QdiWEs8Zg2w.jpg,/pRjYboGyfjO5PkY7Rdg21s4FhoI.jpg
221539,Dracula (Universal Series),/srgkikGqQD32mhaq8wT6Qz2eLcD.jpg,/sdbStuQ5qEPZqqWUlNlBd0dPtBT.jpg
332357,The Dukes Of Hazzard Collection,/5xE2YWrBLCn7bETXtX0cDZfxdTi.jpg,/r07NWqz8MgWjrDNtZrhsN3TrppP.jpg
135466,Grave Encounters Collection,/1vLfiFfyJp95vpPDUfH3kRMxn5G.jpg,/9gKwnJbPjY65EVb5oFlbmY4qF2p.jpg
9521,Look Who's Talking Collection,/ez7hA34uLtOuGIwZvwhlpr53tXh.jpg,/2jEwMXBICqARNmhFFFDu1IvmJCK.jpg
312735,Annie Collection,/gKQghFIfPL7aviK7OonirYgnaMa.jpg,
70068,Ip Man Collection,/iXhYIEUNoYXeq3XiNasMAcThHMU.jpg,/1oCPXe4e0VHZTJX4nLkvxzayXK9.jpg
9332,Crocodile Dundee Collection,/uFYcjCVfr5lsDnWliBWuHgWXgw.jpg,/pI2EqYQCzCRnrpiFHl8rrGp1qW9.jpg
144200,Swan Princess Series,/3qBPAUFUMOOT9KqUEYXWAKy93Ge.jpg,/wxKt5KHvMYUSLHvyPf2xj64y3dJ.jpg
170452,Timecop Collection,/7MzxlFFswI2OB7PifjnyMrrYke5.jpg,/mIqsp7AFmyTYjJ4N9qv3FhAUz60.jpg
384920,"No Retreat, No Surrender Collection",/9vaAOb1OE3d4ELmAlF7bDuS6EEw.jpg,
45154,Darkman Collection,/mHrcic92RHbKHDi5Lxdhu5job6X.jpg,/oVqe4GNZkbWPppmvIyxFmyZNPhx.jpg
315560,The Woman in Black Collection,/aWMxfo5LEWkL5o4xpQcLVsbcmNp.jpg,/pw8JrqNceLQ82KWZpHg5VghWTqn.jpg
135489,Wishmaster Collection,/7nOdiSiu1b5AuNlXNuq73nLq6i6.jpg,/yCTkIUEOwc7HAGAoZGK85MK8dAd.jpg
74508,[REC] Collection,/jTA37dMZVUFej20EoM5SomKtnYi.jpg,/rDzuccVBZSyNVQ26hTRT0DvneVA.jpg
131,Three Colors Collection,/rVdd23QuT5rHX7lZvuAkRRUkeCZ.jpg,/AeHExfHIl70SZCea907KfEoSkfJ.jpg
85945,The Mesrine Collection,/kFUC6s54Q8jn1eNBqs6xOGa2jeL.jpg,/3SirYFnkQwYhAec3ugZS8BKpMbk.jpg
309300,The Trip Collection,/6ATyIyUbtgI0napk5lFxh6lQTgF.jpg,
36694,Bloodsport Collection,/sTqv7FQalXNVGSpfSJaWek077w9.jpg,/1DXtjAAaK7597GV5MSZH6nn0uqS.jpg
476961,Goon Collection,/uHKl6JXibu1MstyAlT1d3I4YKb6.jpg,
3106,World of Watches Collection,/5k6kkMpPCDqelJ2X1RABHCbstE6.jpg,/nYLhKt0AdNr9IYT2K7p0U3HDY8k.jpg
173344,Qatsi Collection,/AlE6QJc87zH5vYw6AI779ywRZG6.jpg,/2pRLc3z0jE1WkFJLCZyITtYjo08.jpg
87258,The Descent Collection,/nKF0faDJsoALc70tptEoQsQsIUq.jpg,/5I9Avp1dL16ZaO1qkVSfo0k3PpC.jpg
328247,Magic Mike Collection,/zBx8yCBeOXJpeuQuOJulMIy97fD.jpg,/pMsWqd89zwqjte70rPIXj52jc0X.jpg
91660,30 Days of Night Collection,/fRAZnIegztYTPsM9eGjSUusKUYM.jpg,/uKN4mENg8BVeKCxwWXGCvFeUim8.jpg
47770,Phantasm Collection,/xqgAkKmQRrk0UaIbWMak4RRSQm7.jpg,/bu33EKctcBJvN5KHR780lWQkyJd.jpg
135495,King Kong (1933 series),/pM9K6M8wZNypSEXoi2TaeXGpcHu.jpg,
287016,Wong Kar-Wai's Informal Collection,/fcGKAq9R8fjvXBhVhEds7SRDiWS.jpg,
271668,Caballeros Collection,/s3Jf9qBqzts4BOkwXGwUcFxKD4w.jpg,
281644,Rocky Horror Collection,/av74GpX6RjxQxPqWm1Hkcbc7dAE.jpg,
12203,Drunken Master Collection,/4YKqOyFW1IP4jyX1vy5BooM0dU.jpg,/iu1fYfR5qu1m37ugZFHG9qVpIeV.jpg
298820,American Pie (Spin-off) Collection,/deSui9fZHgArlSmOGxRV1ZBqYTO.jpg,/au9AnpVPqjFfTZIGGuV94276KaL.jpg
259363,Manuale d'amore - Collezione,/1QyF8MY3hbZweTDKK8s8ZDd3rkO.jpg,
43063,Half Past Dead Collection,/n8nvxp55Opew4gMujVBid23TVtu.jpg,/lJbaf1KOwlRpMkRf6ABDU3nN7Jo.jpg
91588,OSS 117 Collection,/bCrDUHGcncm51H21AyEyBN13W4t.jpg,/tWFDaP55PdguD0VfgYTWZ3NyfoK.jpg
105324,Mirrors Collection,/uiEEpqieH4kXQqps2QC19wOqd8v.jpg,/iKyRjgpQVkPZGXYUeFk6zezoNkL.jpg
85960,My Girl Collection,/u292FNPKjhLQ6OWyYQfhdv4naIL.jpg,
150156,City Slickers Collection,/1xHwbqIfBQvxNCkdJwQ5vxFwI5H.jpg,/qv2Bcy963o42k65v0km97G1ceZ4.jpg
259027,The Wolf Man (Universal Series),/bYvHmIKqSnUYyjFhabzNliS2qu1.jpg,/8DcHcYH0P9de2j8HPRYq9wXNaIf.jpg
129748,The Gruffalo Collection,/fAbFSN22r0JVGAGsZUTqv35yAj6.jpg,/uAsJBnUgCX1Tzl68sJLUGt6REgS.jpg
126220,The Waxwork Collection,,
290933,Superman / Batman (Animated) Collection,/tDe32hLCHxIcGNEwmuL3u9doCqX.jpg,/leoLyMvUq2qExFZMtI8XAHNWQ94.jpg
434270,Lew Harper Collection,,
124951,Mannequin Collection,/tHUiRPu9PmsgDEa4j22fjWHjFkW.jpg,/qNRyB22N3Y6aGii099by5I51KDJ.jpg
366826,Navarone Collection,/vCZqWt03pj8Tydt04H12XiJ0NZk.jpg,/quXPBggya3DoHnxZZ6urOR9e6vR.jpg
10457,Once Upon a Time in China Collection,/gAuv7bhSYFVTYAazFkHOhPRyONi.jpg,/gQNRJ3ChYVkqGtAOgmWJKr3uw1x.jpg
105322,Kickboxer Collection,/frOnbHEHWISXBC43wjsrBGOhqGJ.jpg,
56005,Dead Space Collection,/aYkuswkitk9FyrITJ685Jj19ykK.jpg,
98853,Cyborg Collection,/fxf2Md5RGMMxgM9yNyr0h1Wvaxu.jpg,/5EGXww0h3TJ3xaHJ0sNEmbRPn35.jpg
176097,Barbershop Collection,/glSSzT4jwKblxxGXN0lHWxbyhUH.jpg,/lCvX9g4vvxFUgJGNlFwfkZJWGiB.jpg
248126,Splash Collection,/tI0RB8ezHm7NMRuLfWIh4mWuGXY.jpg,/9uSHQAAUYFt6WSL2sz9zgvnXnvk.jpg
436982,SPL Collection,,
94039,Asterix and Obelix (Animation) Collection,/mJ85mdtrQl2LWTNAHHcSJC55dcs.jpg,/f0mc4ObY75CrFzOYGNGiHXjgKGz.jpg
123213,The Fly (1958 series),/if9PkF46yCeMp9WTYhUOjxnytAt.jpg,/1MMTGpmm0E9yXRTNyW0YebAs66S.jpg
215326,The Bad New Bears Collection,/eIBn3yxhjF62qyc5NyaVpaHSuUE.jpg,
446782,The Disappearance Of Eleanor Rigby,/xg3F3P9becOjNqYHlMuBcWPXU5G.jpg,/3eyH0cwrBdrSCwKF24oOwy8fO7O.jpg
10441,Babylon 5 Collection,/4SmQl6eoFuyvHPj1noqqKf93yK6.jpg,/mpiKaJZSIDVGbuKxL1KyQPxeW6Y.jpg
96871,Father of the Bride Collection,/nts4iOmNnq7GNicycMJ9pSAn204.jpg,/7qwE57OVZmMJChBpLEbJEmzUydk.jpg
437451,Cinderella Story Collection,/65raP1FRJpPC5GVWVvemQ3kLAKG.jpg,/iVqkNuy2jpcurdk2ZH2iAexJTo6.jpg
10789,Pet Sematary Collection,/iySOPKFg4DgtjY9ySsJZoccMcIB.jpg,/vK18Xz065I4BvRB8r9IrH98ebVp.jpg
221966,The Odd Couple Collection,/iSRzUpJBro5vgskqVlCNOvXNxjh.jpg,/kY2nJgcvBgjLuAJxygbXYv1el2h.jpg
343297,My Little Pony: Equestria Girls Collection,/4M2ILVXIbwMRWdAlqRRdVLHua4T.jpg,/xZQpaBH9UOhTx5WWV9ND5mudi1Q.jpg
334356,The Man with the Iron Fists Collection,/3ag7T0qwL3yAMrocJERu4z3eMYW.jpg,/1gTLyR2zGYhbeJ9rfsJBu8MJQ3o.jpg
437608,Papa ou Maman Collection,/ePDqFLwv7isN6sJ5Klqhrub8gLr.jpg,/gPJ7VtuVIWi6qBSl47ksrUgycHR.jpg
43220,National Lampoon’s Van Wilder Collection,/9O9Dtdetrc7shP2CUr5jQqbIexC.jpg,/afX0zjd1fFYNXrndzD9jd7gHvi3.jpg
87800,Appleseed Collection,/AoM1NzRnSpo6VtIs3wpzKUSObUX.jpg,/3uFYlHmUZtEGBiwdxtSlphbmfjK.jpg
288491,Dolphin Tale Collection,/3Xav3CJrYtUBQ7mB2lKTJ7TSn1q.jpg,/hEji18uGq2IwKWs2IpWFw9EwlJp.jpg
421904,Batman (DC Universe Animated) Collection,/4fDffWkGuIt62GQVAUTUgRoZxT2.jpg,/feOIJaQTUDaPRgt3g9U5xQhJPoq.jpg
279244,Family Guy Presents Collection,/pijDBPc3OiPwshTCt3UQFIVjpE4.jpg,/yBdZwUkjifWP8rY1AI9bvFZWpjs.jpg
207632,The ABCs of Death Collection,/fzrKAtcg75Je7N0NereOdKePHDM.jpg,
107674,The Princess Diaries Collection,/wt5AMbxPTS4Kfjx7Fgm149qPfZl.jpg,/zSEtYD77pKRJlUPx34BJgUG9v1c.jpg
149704,Alone in the Dark Collection,/pCUq2wPTjmpRRTsatXWseAoMzyi.jpg,/uxhIfa4gqxh9rjGq3vPLoXjQLIY.jpg
264335,The Eye Collection,/8kPLIuWZatb3krc4l16pnkfokjo.jpg,/rki7UPSFEaUPuitlQ9Iq421p137.jpg
104830,Piranha 3D Collection,/saX8LYerNYcbsEfjoq2s6jLUjJS.jpg,/aJ8YLbUYegsDrObrmfeoyZyR5yx.jpg
97771,Major League Collection,/u4XZNh1jdUsetzQ9XjUQGMgIsdM.jpg,/vNqeD5ECuhb7FdQiOPCjeI23YK2.jpg
52789,Cruel Intentions Collection,/smlX0WCj2aXFoh4fEUuP1HmDgka.jpg,/10KZhETCbOGoffxglHDRyStgdc8.jpg
168186,Witchboard Collection,/qLSZTs14REiR9ZEfV2IOYS6viIZ.jpg,
251937,A Haunted House Collection,/ycm511kfyzVVjRU70nxtAGjAPbQ.jpg,/5NTJZ571646mTziTOGt0jnq7uKe.jpg
91657,Disney Buddies Collection,/c0SunvY1GV56ezlaOYjAxkpV1Ng.jpg,/tDhCsQaxFmdorEZHIgVaZH0MGDs.jpg
241729,Alpha and Omega Collection,/mAY1IkH0IoaETKlPu7t7Qj0agbp.jpg,/234TMV6vkkQZgYMJ2fOc1Gx1QeK.jpg
180854,Problem Child Collection,/aIWRqX5mJ9RPKox8sguNutPCiX8.jpg,/3qrIGlVQTi7Aps9IUm9vAep9C2W.jpg
87014,Cats & Dogs Collection,/mm56m8wd2BBm94FwlelT2fNl6n1.jpg,/bYM1XFABSpy0QtAEzr7dks8QRWY.jpg
327598,"To Sir, with Love Collection",,
278920,Vampires Suck Collection,/5lFDNBMJd7Yz6nXWETI8PFVqJXe.jpg,/rlDK7GYKJP9p1TAj7dIBOuJ7ehO.jpg
370411,Attack on Titan Collection,/pE4GzjwL0HDbNOAqCDXdxrgvJv9.jpg,/qSRo2K0dZCwZkokUYknNy8lkKcF.jpg
218406,Frankenstein (Universal Series),/2PJYpPHOqnVMXelHV1T4t6zra4i.jpg,/oR3GHwhvOcjn124b7wOZl9SHh8G.jpg
32135,The Toxic Avenger Collection,/zoUjTU6rvZhfVK8q0sZSFb0QThO.jpg,
356688,Batman Unlimited Collection,/kbRFPlkkZn0IqMXNDR4WSf5gato.jpg,/cp26uC7hCTXto8bAYYuKICQNBMl.jpg
118221,Weekend at Bernie's Collection,/gJVBXVetIkgVVMbzODQ3dJwvQkV.jpg,/khVvskKc4VzAHbHtQMhKGeKWDxC.jpg
937,The Pink Panther (Original) Collection,/xu6gZ0zGUSR8SC2QLKFaUrX2niM.jpg,/6KE7AguGR3UqwUn5RkzkoBc3MLy.jpg
165369,The Collector Collection,/AhwErLgytU4ICqvvcIYbAM1xeeu.jpg,/4x4mtl1xgxIH5yxGr05L1WZeTjG.jpg
473971,Daddy's Home Collection,,/16w6DLmX0OqGT5qBdMpfpWh4VkU.jpg
98430,Feast Collection,/1clQ6DCLxmvysHkU7HxWToDzuPo.jpg,
96679,Road Trip Collection,/7bXQaid9TkgGAPuoYFHzbr1alv9.jpg,/iuYpphSiPphENadtbohjjhId7rP.jpg
141748,Robot Chicken: Star Wars Collection,/p3Zc72CqZJveY3psC7aCuaMUI9W.jpg,
456778,Max (Collection),/jE0FdVwbsGVrwCPizLWwH82QfpB.jpg,/55dGibKCqypWoOIQDMn0PAK12xF.jpg
44979,Big Momma's House Collection,/nudrKU6mwJOMtZIIyr2fKO1NcDt.jpg,/G6JKl9hOeErWUw6fO7PAfBOzAn.jpg
306063,Saints and Soldiers Collection,/mhL9AqCr94RYecdvhV8KitCc0gW.jpg,/uAv2zvBtIGujt9jGELeHKEaNjRi.jpg
64748,Silent Hill Collection,/4cJgWqtVfVxxzpqyKkUtClHY0VM.jpg,/yBpC88ucxLLjD7rXqfA4Irk92ka.jpg
145901,Lupin the Third Collection,/eXFuXigMcDUD0tJmiPtrz8TL5ve.jpg,/ai1ZL3wZgkIXZ59cITshSSkUZxK.jpg
166376,Hollow Man Collection,/zpz2Jdm1JZsCVs3wb5JxDGzGYIe.jpg,/r7GbKuuNdoEAzXCfA4My1kj85Z2.jpg
96680,Smokin' Aces Collection,/9Y702mgpXAMQsGJ4jGEH1EqrJaW.jpg,/1TbMf5bJnYCP9sXhRSVHULPJDbw.jpg
307637,Jingle All the Way Collection,/8lId3K1HKp39peVG1VwLfA6RFsK.jpg,/grCEwz2sIneF1wlDtVx6UiLqtLc.jpg
105075,The Shadow Collection,/s3ymS1GDfSYmMKmIdCBMc0fbVni.jpg,/ntIfzZNGz2aHRumYM7P8vqLJv6W.jpg
464308,The Nut Job Collection,,/uKyTPq2KVTkhux7frfvJxx56Nvn.jpg
379475,Batman Beyond Collection,,/vGELVBakzTMT6rfJ3Rvyftnnjyy.jpg
454520,Captain Harlock Collection,/z0NsZNauyNM1ZKj3FCfJvZoSwSA.jpg,/kpY6iMfKkssuD1WObzoGSIeMguY.jpg
17255,Resident Evil Collection,/bqnMPsZr9vhjJIwLxc3XzHkYORM.jpg,/8utTJ9WoQeYcZ0Ztciv6auqwLXl.jpg
412680,Hard Target Collection,/g7Bc4ik16xOBz21BQOcsxrBL8BO.jpg,/wcBIwQY888HX1QWpnv43lAujoId.jpg
473843,Stake Land Collection,/xAwBPbxAlDnSqhHoDNGNXcsTpIO.jpg,/ejgCF5HlsM3FwxdgzdoEJ7tFN3C.jpg
9046,A Chinese Ghost Story Collection,/bl6n97qDEtJrIJqvp3lD5clcApe.jpg,/nIXjmTi2ePJyFf2nDngGsWOX7TP.jpg
141649,Three Steps Above Heaven Collection,/5rtIbSNgBi0DQRo6UcMhcdYoOWQ.jpg,/v0j8pUKeYvlzyQeRVp1bhX0tomm.jpg
152544,Green Street Hooligans Collection,/5m29SVW5zag4M6MC1HeqR8cAYzS.jpg,/5PeOE350cbNuCH6KD70YoX9V1dZ.jpg
87252,Halloweentown Collection,/gqorFeRQWKW4g68vzLbcvUScrgp.jpg,/aN0TyA2JAvLPWC0tAKbCECPJpTb.jpg
210303,Rebuild of Evangelion,/9PYc1kLfWTjIWNgFcEpqSOn8MU3.jpg,/7XNGejHMPhWpniAmXmDUslXXcwC.jpg
404302,Cold War Collection,/kArJSoPLZWLkpezDWHZwaaDL4WX.jpg,/rXnsChrweFItmkA5wPtq4WQdUt6.jpg
52835,French Fried Vacation,/ncWcoUxQIn7wp3d1idOxQ7wM7R.jpg,/hjk94JWHQcYEWftJAssFsNhSr9L.jpg
283417,Rampage Collection,/e4ABfZ2SFISd7bUdZFsu6kyPKDs.jpg,
86112,Vacancy Collection,/wDLo8s0HEd1ci5980gpk3GoD2DL.jpg,/AmzchMREhCLicBZNpUaCXc6f5jQ.jpg
88735,K-9 Collection,/moEkdT6SE1HxR9QHwor6DJX8NYe.jpg,/mdG3H2w9Ktc2Ua6tJie3eUE8Zte.jpg
52888,The Visitors Collection,/tqLSEkKYdkFCqsNHP1v9pnr0sl.jpg,/ywYnkeaa7LZBU1bW8zavPwzve4X.jpg
288235,Cat Run Collection,/cv3NKmlnHYN9pK9wAh5NifpQkFL.jpg,
70764,Largo Winch Collection,/bpUPREscFpjllSnPR28UW6FdFEq.jpg,/x9pdroUaQU0hNYkbhC1Mx6AjBLm.jpg
141086,Heavy Metal Collection,/tPzcbhK32OqnYmOccqbRw0eje7a.jpg,/iao9hIahX41T1Lxpa5h62J28rQF.jpg
44724,Don Collection,/6xKVmI4K7xCOEw8w59wmrNpgt2T.jpg,/iM6ius5ODrQaTNXh4nNkIVHqTDS.jpg
205860,The Black Mask Collection,,
476065,What the Bleep! Collection,/ngXUKFlQ66UqORHoUlLJEmGRCma.jpg,/gxO7v1S7hInpRI24fH8yhu0DBXd.jpg
1972,Ju-on Collection,/zL5ycG7koIH4f8J5ueevz8xaGif.jpg,/l3wedBkwOFc4nZpusp6fnUvJdeh.jpg
100286,Elizabeth Collection,/2XxIeKB6g21GvPmixWyyc9ZlLnR.jpg,/3YiTOxGX5KZO6P3eg41P50QrRhQ.jpg
256296,"Silent Night, Deadly Night Collection",/4FqLNnITkZza1QKyTd5nprion1y.jpg,/wZM7UP8tdoZLHUgV4Lj5ixSqKSB.jpg
417491,Bon Cop Bad Cop Collection,,
239430,Think Like a Man Collection,/cdbWbFLlGWc9QxVwSUig0z2IGpQ.jpg,/ciygVaqu67gxWrBB84niXXWAZx0.jpg
9328,Free Willy Collection,/3M2Q9ZDTyFBfi3ohz2gizFmnoL0.jpg,/aef15QAJ8Kxbh8W5zXqJb1f9Vhw.jpg
263193,Charlotte's Web Collection,/7sg3elvEwetbPtTbMwr9IuegAtD.jpg,/1FanC71rFOOJukt95FedjAI5iBk.jpg
232844,Nim's Island Collection,/rRPq295zZflnjp9Y8uhJppJBayQ.jpg,/iRh0E4dR2m7ZiJQ9u58r8jPV0WU.jpg
86774,Che Collection,/dnUuLNFFQnoyKUjx3YtkKhaLlfE.jpg,/9WEBVDt9wj5sal9LnzWXwNtSEqP.jpg
268098,Wolf Creek Collection,/1b5hJeNfzx8iYLlmVvW7oKnfyoy.jpg,/irwRpTRWFL2W0ofRswf2nfa7Vmg.jpg
19160,FernGully Collection,/vXxfiihxZDd4M3EYYvEaXcHsab2.jpg,/eWikaqHnqLYtCh7pkBeZY3Y5QSm.jpg
387618,8MM Collection,/8Scc8lBpS2lQs7KPOuxzlm2Z0iP.jpg,/jgq6X9da6KnEzKNqqb3dYR8bWKy.jpg
98168,Fright Night Collection,/4u9zOuYFwfks3ZO2FvgduYnjUi2.jpg,/qFkOju5f8h7SayY33Zm8A1dl943.jpg
207952,Barrytown Trilogy,/cccGPuXNUJyrM3P8SEltSlXEwxY.jpg,
495,Shaft Collection,/z6UFfaPSYIEMZGxiNGuy881hcsH.jpg,/muZrPdBs937VAx03Giw66x1XGus.jpg
221537,Creature From The Black Lagoon (Universal Series),/f41TORvnRk8u9nZ834uxAzxIGuH.jpg,/jPVq82CMKAm6fKVeW2nyRC2X9Yc.jpg
394204,The Snowman Collection,/6aXK0aNsG90vLrXhMPO5EL8XTgZ.jpg,/v3YNgcWx5MH8M41E6VLZEHJf8FL.jpg
114783,Cheaper by the Dozen Collection,/zW1sw1d0XFT069g5LktF7R5eKhs.jpg,/abIbeEqOhnEEeEOjalyI16KlAbU.jpg
449462,Super Troopers Collection,/lO5B9CinMMFgdkNGTPqPSZN7DWk.jpg,/v9N8AxyHf9crA9Iza9fF5ntPJFj.jpg
201873,A Christmas Story Collection,/qjHPRBBiluOwJZp7AcMtrs0dNPr.jpg,/sDJLWSHdsORRGMEii0SWvm7DMwN.jpg
91945,American Ninja Collection,/5cbm8oJR0QlUOxWnSvt3HkcZhb7.jpg,/znX4o1qtkut4IeprwfEk8uluc4p.jpg
86797,Arn collection,/u0kbnJEC9w7amzPx0EZDv3NEyOG.jpg,/kRA2bnwEl2v5FaDwPQpnQyQtsZN.jpg
108043,Hamilton Collection,/ipx8qvXFmE7yzS2QBl77SvUIF7p.jpg,/5ncxmwqLvz7CjipQioIkG9nLhip.jpg
187734,La Classe Américaine & Cie,/4wepZEo8gjEHrNNavSWjola7iSc.jpg,/aixqVk06NYYDEqJ7Se0Q151WBSs.jpg
442352,Brice Collection,/onlFeg0Oa7A8z343YEYvx6RF48q.jpg,/8LYMiXf6w2LU6BbBfDf7NUAeQJ5.jpg
321148,Zenon Collection,,
108125,The 36th Chamber of Shaolin Collection,/wBjZh104nh4HKLIgvrCvdOZzXKC.jpg,/grC83MtaWyTbUcxndTK3khIWiMT.jpg
338282,Single White Female Collection,/fwufJlOGAI4JeuKeVmqmcUhYNW7.jpg,
23616,Naruto Collection,/cmKBGxVSAykHsnCL27wX4PIjNZI.jpg,/prLI2SNNkd9wcQkFh9iWXzQtR5D.jpg
149191,Lady Snowblood Collection,/d7ztUEeUpp3mGrD5xoLpi4sH8ad.jpg,
126166,The Delta Force Collection,/xt10SGPh35qrXrpWikFlVNRNZ7i.jpg,/coqZkrXTcqtDBcaQRpCGwcGsh6Y.jpg
94035,Anne of Green Gables Collection,/55ruue9Rbt8sDl8sPT7fBmOwSe5.jpg,
86346,Sabrina the Teenage Witch Collection,,
358930,Contracted Collection,/aQ0r9I5fMSB9zXA7miDE4IeBSZy.jpg,
123255,Prom Night Collection,/tHhPnpJad4RVICIwaeERIq63ARg.jpg,
107471,Yamakasi - Collection,/6t7QBvkMq02vgGuwxH7VduDbZ4j.jpg,/brTwRwoszOadojCoRzCbNjbYd9S.jpg
261286,Bad Ass Collection,/7fj11pUMPBM1FXhrxbBohrTcnEI.jpg,/srQ1k98oRkp3J3AuciT4NtPU16B.jpg
90348,Witch Mountain Collection,/3IggdwQeJvkkfMTKRv9iEpInGnV.jpg,/aXZ0LmSgLT1ZiNWnJ5qKaQHqBiC.jpg
242587,Rudolph the Red-Nosed Reindeer Collection,/fBT6LCT4PNRnqMAJLhOvfLbsmgM.jpg,/g03laO7ft3mZdRtTLvLZTD0KV5o.jpg
259398,Teenage Apocalypse Trilogy,/kSLUbpxgcHErkaUc0nB193Nph6Y.jpg,/3pzDZR85GPgdC6b4HwHqzqeEDfB.jpg
466318,Bachelor Party Collection,/9HNsbJwOqnlIYVBbzNYDuJJkCoN.jpg,/f2ckgUb2dR2bkjJ39fKCotT0Ypn.jpg
355490,Freeway Collection,/u5BhFwbnLg07R9VXlPeSxKT0FNR.jpg,/ysDeNGwgvTmdYuBF7njZ71bVIh4.jpg
422193,The Blob Collection,,
140910,All Dogs Go to Heaven Collection,/yzuYenLnjAHbTPeu7DLAySbcNGi.jpg,/5JaMQn0PtPWGDIeGV8oqXSvJDKk.jpg
86668,Elektra Luxx Collection,/6HP0JujRP7IUhymQW1IZPtqbxsi.jpg,/o2fZZfJH3c3EB8DXWz7jenonlCm.jpg
207447,Firestarter Collection,/6kLGcwTZMXPBoj1a0CkhWergeXM.jpg,/sunRcFLsmQH9TVVUzogdTwtCleB.jpg
286162,Power Rangers Collection,/zyHCzQUkgaemgCMEplqAqsp83SA.jpg,/ddGPthtIvNM2f8qBAyxa5GSKskK.jpg
264481,Mega Shark Collection,/bes4BLHnrAaf0wJ1wpdSkM5RTAL.jpg,
86553,Cold Prey Collection,/vw9jchOwA8dd2kz06XEq2jgS6Vn.jpg,/pK3ragjF3xKP6ltmf6FDoWNXaOL.jpg
431417,Nevada Smith Collection,,
136218,Night of the Demons Collection,/5GrdNoRI4cHrIlm5XrjinS4HVvm.jpg,/vuMASrjy8ItbQXQbZGBz7Vhdo0I.jpg
37261,The Carry On Collection,/2P0HNrYgKDvirV8RCdT1rBSJdbJ.jpg,/38tF1LJN7ULeZAuAfP7beaPMfcl.jpg
87251,The Good Witch Collection,/nWoVE7OBMLlVqTDURDsLXGFc1Af.jpg,
48188,Poison Ivy Collection,/wKFflwLibrLXg7U8hcXnzGyziXz.jpg,/hFktEH1hJsf4kzTnYjJB8rMiJpl.jpg
439596,Lavalantula Collection,/wadWF6SASXqBBpkSOjFHRZvhJRI.jpg,/zBuxwZNXVs2rNo60tNH8WrRL1PW.jpg
59007,Bionicle Collection,/kYQVOYbk4MSzFawj3ocCMo2NoAE.jpg,/uvpKvT5yFXzzh7PI4GR4rOx6Igo.jpg
190435,Street Fighter Collection,/dOzfm9oCzfVzOPyMfcG5KnZDATf.jpg,/kkUdnFLEwzHPU8medJE2Vn4pm1B.jpg
422361,Barbie A Mermaid Tale Collection,/xvvY9hj10DQjAwN2NCaFJS1Moii.jpg,/hw43q6AkuoRDFvuSWsxDG0A5AK6.jpg
133923,Zombi Collection,/m3fDT3Pk9GwwOzNRgaT0UDeAL6e.jpg,/thmNPh9FbKrkVcKhDmVWhw92s86.jpg
392206,The Monkey King Collection,/m5J6XxjDY0jcTKjklem2NAsAnx4.jpg,/ep95Ixc8H0Wrw7PTl94QG4diK6F.jpg
168545,Sometimes They Come Back Collection,/wsKdqBC1C5kFTcUWP1TK6QDrBgY.jpg,
168182,Philo & Clyde Collection,/noLaQo6CZSQ3zoBZcgpzfsLMkVk.jpg,/fAJgSlQ6SENfdjYiengTnoiXgK7.jpg
101246,Azumi Collection,/bN2eHDlh6vxgChvimEoIjLlVkBv.jpg,/mMdYpXtrkIIE1JwkqoyDOPmpnIw.jpg
109079,Saint Seiya Collection,/kr1wCOIfZj2BYu9nJf35MSNtxxb.jpg,/zWtHU9NHNVfgdyCH8qqMCgrKdrI.jpg
222634,Tooth Fairy Collection,/2P7Ua3qTgM5COjBfdBV0614wXaw.jpg,/kyIUMRJHxH2Al3nFNxN63Hnin2p.jpg
106498,Dungeons & Dragons Collection,/tb70wYUa474fdfZSPj8CH6Ua6F9.jpg,/21twikCptcVJHUt9AdV8DXts92q.jpg
389767,My Big Fat Greek Wedding Collection,/oalS0sTGzk2mgiAyOQ5iVR4juJC.jpg,/UzzUEBULGUuk695tZhLO9xShxV.jpg
189159,Project A Collection,/2YntfHePgqmu1Wk3pQ29Ya2ncZB.jpg,
174218,The Howling Collection,/ci6CZhFFLm0r3fDomXlRAmCEesr.jpg,/a0UuiTYxqMmj5Ll26rORaFoTKBc.jpg
121195,9½ Weeks Collection,/kx0VUFPvAMTesOY1ymkxbBJAmQL.jpg,/lwajd7A0z7WQ132S0sot6YjFzBU.jpg
74083,Flodder Collection,/zLQ3Yc32F6BXAsffHqUFDHWokoe.jpg,/ratYEDKH8Ev8xe597rPxmwe1omh.jpg
164397,Class of 1999 Collection,,
150967,Benvenuti al... Collection,/sLIZNEOrOwkQddzw7f4ghq7IUOW.jpg,/boSgGvPgBAXNQBwevgtM4NIdLSs.jpg
331841,Babysitting,/6dnwENe8EnhkrAwglpvQrz6f53M.jpg,/afzBPMUbRqeVIhuOuGC8x2fGLAC.jpg
101688,Cannonball Run Collection,/8Bq9YD1UIw1hdkccegKVaUipBH9.jpg,/ogcQ0P7d1qY8S0CUWOeUrSa1BSB.jpg
124935,The Lawnmower Man Collection,/slBKrKBbL1g3KURphhAYIyOOH0G.jpg,/id05z92s8Pwc2wbR9YAKngGqOyP.jpg
138908,2 Days In... Collection,/ffwnytEmZsWSZmb8BH7BblRVBfR.jpg,/gzj0bdcB3zZ6u5JSfFBd2TRCcAz.jpg
141282,The Brave Little Toaster Collection,/3WtTqeBFZvbG1ZUy5y9GXD7DEqG.jpg,
215606,Seven Dwarfs Collection,/ttj8cg5gUq2sPeK3pqZQ1cIuVpa.jpg,/4bsR43VNx0IwfHVdZX2zeV0snEP.jpg
296358,Anche gli angeli - Collezione,,
104716,Basket Case Collection,/6DdpgHlruy4h6tfpwctFUw0inVj.jpg,/1R3D39kne1LX2TYcsQ7kly8D9Zb.jpg
206559,StreetDance Collection,/d0xdu3kaMbQ8FnJkfWI2tfpMATC.jpg,/mkqD8O0CJxaZf6V0ps2DyZee4HP.jpg
171439,F/X Collection,/lMLtxCg2zZ7RoD3tY7JCsq1EglV.jpg,/pLj66wA3xzB9vyOlzZRevSKamoD.jpg
48037,Meatballs Collection,/jofx9VG0EqStZhdA8hXerNDn5bq.jpg,
167985,Richie Rich Collection,,
254636,Maniac Cop Collection,/dqVur72p8vcmHNFl9FAeYE96JYA.jpg,/f0iM8AhxX98ZA5Sm6oeVQVKMS1u.jpg
282246,Mickey's Upon a Christmas Collection,/q686kA2VPwAAy9n2Fph3I86eyml.jpg,/vGbr9Zhk191rUd15ABhvyb30o6g.jpg
356437,Living Trilogy,,
95664,Deuce Bigalow Collection,/szTJbYJnm3OPwYxQKLuTtgsUsQ1.jpg,/5jvRtBbRahwy1dDDNgh4kN1Yz24.jpg
442195,All Hallow's Eve Collection,/zu8CKEhpOP5OcWViobiUb5Gf2FX.jpg,/u6ZeIjfYWQdbr71BG5fJz52O6W8.jpg
363092,Mythica Collection,/nbsXfLZmgkwjB9mZ5p9Bt5SOFRY.jpg,/nL8ZqjrpblbQHWiQEjj9Scp91C8.jpg
443996,Ghost in the Shell: Stand Alone Complex,/beAUB3mXb94rjJDYgEnlU4aUgvd.jpg,/sD5JkMG9J7PFH6fwWta2RaL4mZy.jpg
351886,The Postman Collection,,
166698,Westworld Collection,/pYL3YYNMwGz18dylTxRM8Ffai4e.jpg,/3yzaSCXO8cT7Q1tgCsmf8ypSxRI.jpg
97307,BloodRayne Collection,/yDRE2eRQIGKKpW1AJ9WWolmccOQ.jpg,/tSiYzuDL8i3yyVyCnxGtwLjA3Tz.jpg
228887,Daddy Day Camp Collection,/x6sXJspIoqj3CWqSfv8IYxukKP9.jpg,/hQXX7E22e1xJVudoNgZJn95BIAl.jpg
122922,In the Name of the King Collection,/kxqvnKbKX2MW2xfeGAGvlFSECSj.jpg,/rJaHFKkYvtnjjJ58L9W5KgYxA6w.jpg
462565,The Secret Garden Collection,/zy16gzORcFshGK3oE9W6dhQ8yRZ.jpg,/tpNVr5BikRH4tkNJPbYM6Q9yD1a.jpg
116661,The Arrival Collection,/oBBLM2XzrBwjmwWRsPmZ4UuBe7g.jpg,/rEk9ZLfrYXL87CMEddMaYAOwC39.jpg
148065,Doraemon Collection,/69oxxREwOQBa5QISbH2gvBCyds2.jpg,/rc6OFcSasL5YxBRPUQVwxmVF6h5.jpg
59235,Jesse Stone Collection,/1HkiRV7NmMJ04bQiVz6oGHTDhjP.jpg,/hzhvjWY7l8iesSVQSV8BUCCY8Tk.jpg
93369,Ringu Collection,/eQX9SK5WPdsKWRGLfga4w9KuskV.jpg,/aS42DTtR6UYNLfKdKJBKYL1OS1U.jpg
294187,Born To Race Collection,/osCvgkBrEEkTms8y1QI8HxfaEOW.jpg,/7WYKwFfwrxrQOWmhv1NyfD3MTMF.jpg
10517,Le Gendarme de St. Tropez Collection,/3B0YlcfBxJUFK37YTFCm2QPDAFX.jpg,/oSX3Aw5sRxPju4yMR14Hqaz86uR.jpg
264339,The Hamiltons Collection,/gZzEapPW7oscqDA8XWiri0IF8GM.jpg,/yhEUkS0Sv1ohevI7Yt7YorIVfoR.jpg
115839,Blue Crush Collection,/kOXDYYj1BsN3hKQ2JYc9aBU7FqZ.jpg,
374930,Snow Queen Collection,/r2ONwf2TcKULpPAEpqfOAK2bgXi.jpg,/S53UcTvYXmfwNm5dOqXu6yMbuN.jpg
430186,Bring It On Collection,/iybFuFGBKPD8LXOgugjnA8sI6Bb.jpg,/ypR7RZO9hIAyd3lIx07gJ0AVvbB.jpg
177675,The Last Exorcism Collection,/qHW7u9UxFLbKypwkvkE6rpBftn7.jpg,/jCXId2VCkC4NMfQwSzzWOS6Uld1.jpg
347469,Antboy Collection,/9jNxEUKe2djpV0A8zanGxlOa26U.jpg,/mkc6D7FPf2EsZXUVm1BsTSLcLFv.jpg
215456,Keinohrhasen Filmreihe,/jRDSPbqRWAHux09eVm1riddAdys.jpg,/d6huUTFcLRVOHeS70zj8WF4J71U.jpg
279959,The Inbetweeners Collection,/a0TY3FKTs1c8GCZ2yxATfZNn98s.jpg,/7yim7pBz0PfFghRNft7Qy4MSp62.jpg
385528,Outrage Collection,/AqutkWByk5xzea7sFQagFdqGwdD.jpg,/sa5JUDHEyBArR5MZdyuD2luk9HF.jpg
138965,The Mummy (Hammer Series),/90f5SF3s02ndW498kGdm2lIVpYp.jpg,/iLmCaLaw9Tn8JeFtUbhlaNVFcga.jpg
413935,Wizards of Waverly Place Collection,,
47627,Trancers Collection,/8aYVLLGT9k47kte70wRANYLIU4T.jpg,
96850,Evangelion Collection,/abTBQSq28KU5JhLN6iygcrOx03I.jpg,/zguc4BSy4cbviHd7di67kifnmzD.jpg
47391,Sleepaway Camp Collection,/aDSw8Y7Rat8Q72oyzBRyTaAjMeO.jpg,
103001,Fantomas Collection,/xxE1cXieDAUa8XtarhS9JCCyvBt.jpg,/3WpCsnVPmlvVVTeMxDTQT4XGtog.jpg
118828,Space Chimps Collection,/ysGzOtpIWNJgIVtwqBErItzgMja.jpg,/kpZo1UkTfXbKcmx2OZxfn4O9qBl.jpg
91697,Battlestar Galactica (Reboot) Collection,/yB7QLUglaZSCFtC30emJEqfGuWi.jpg,/1ynqKxPc4sgDdweAItGt4QLDWkS.jpg
102777,White Noise Collection,/vvQYwRvYQ4Q5MIwr6OSReFC5RvI.jpg,/gvg1pvlr2A7cX4CzvVwar01qWVB.jpg
107949,Puppet Master Collection,/wuLaEcy10wqgiVi4nCjdPXvcCyw.jpg,/crDZjaOpoUCIOoiQ9nLIAt8ZBul.jpg
203910,Pusher Collection,/9pM6Rr8WsVqAzTxYswPTNoICNno.jpg,/aNQuRUYTz8CT9HxlNLj4oJ9ctut.jpg
123932,Quarantine Collection,/Aa0hh5DGedQPdFs2e43uRzqXw50.jpg,/7tMlGUiAGrryUimeKDnECC9mWEZ.jpg
138971,The Slumber Party Massacre Collection,/hbNwVI7tOr4uWeigv8p7q42MUS7.jpg,/d90ninW84rPsHNajdsxM5fQauBR.jpg
256729,War Trilogy,/zQh90nJedtEhCTb2z5hRq927iVB.jpg,
466004,A Few Best Men Collection,,
192174,Crows Collection,/cCk7eolipCWIGb9AJcnvraHRUCr.jpg,/gO7rOvpYIRFPoMZgMq6EZkznmBc.jpg
243598,The Best Man Collection,/8bFCMCJ6rlOzkgVFk3v54Mmkbs9.jpg,
409343,God's Not Dead Collection,/Pe7qLt83hZbjWGOBJukmDn8Kve.jpg,/ykT8iDLI2kID4zD0KLWzZjBFQVt.jpg
473185,Dead in Tombstone Collection,/3TdTcCWDBNaekYDxkQyb0heDLaR.jpg,/yUGYwtE4KQ36MLOT2PD497op5T4.jpg
434533,Death Race Original Collection,/kpdCNcuQsDlBQ1ZPF0e2P5cqIXB.jpg,/o5rLt7nR0YMxNJqTuO5v3MIMPcj.jpg
146534,Without a Paddle Collection,/y9oLmGnSosSQqjhJgmj1zQVswn7.jpg,/tQuDhG9nEsyNR7y4P4J5O9OEuF7.jpg
421566,Totò Collection,/4ayJsjC3djGwU9eCWUokdBWvdLC.jpg,/jaUuprubvAxXLAY5hUfrNjxccUh.jpg
478328,The Houses October Built Collection,,
409026,Nobody Collection,/qDwxHkKp4bJDShEwH5pskfIM3Fi.jpg,/1NsrPg4Hv8mDjk60Z9ehbmgxbPC.jpg
115822,Dracula 2000 Collection,/pUEwGiauaZXUKTocXmzX7GlyYD4.jpg,/aD4nL9HsMDU8sCEAe7wdeHMiSr2.jpg
473850,My Sassy Girl Collection,/wSINESGEqXGxRaRgalJACcANapm.jpg,/rngutP2LYdj8Hizn3Ufmh5mBZ1C.jpg
102008,Another Gay Movie Collection,/wpiTGGOmrAUWvxfIYStNfy32U62.jpg,/jhQG23R7yBtrWU9CV6konHkRkjd.jpg
425880,The Cheetah Girls Collection,/3gD6fB20dXuEzaUrxD8rBXlPmT8.jpg,
86341,Fortress Collection,/ma53QzBvs0P7uzTLPpftScS8rQc.jpg,
135509,The Last Picture Show Collection,,
39460,The Water of the Hills Collection,/zEpjz1iP9zPzsceOfoXDfY6VlWU.jpg,
334414,Ostwind Filmreihe,/2OQKLXddIfFtYrTCss0ZdH0u1v7.jpg,/ytq7vQCijsEq6PU8oxSnWAkCcu4.jpg
143757,Stir of Echoes Collection,,
245129,Pumping Iron Collection,/eqGCZfslyfzJgzBGG9BmJHEiLdN.jpg,/5hEdn0wwFH9r87ocRxaoUOGd1F3.jpg
278467,Trilogía de la violencia de Michael Haneke,/3255nToAwUbGrpwSpZRN6ZEizXp.jpg,/jG44SCGglfYaFeMK2qQMk8CWOdf.jpg
2248,Torrente Collection,/crCyDVyXc4kVyO2a0Tk5fposzm8.jpg,/hm4yNDojfPUi34OKLEsHiweM0iT.jpg
148055,Camp Rock Collection,/4xOyXRsjxcKlgNWaBRvagtRF59Y.jpg,/itL2G9nPEaB6VD7ShsMSVqM1bSO.jpg
135498,King Kong (1976 series),/qi6lnlTKDk0khlRunDOn0K2aW9b.jpg,
216395,Parent Trap Collection,,
203178,Jack Frost Collection,,
260601,The Worricker Collection,/7eA2F7vJRrQj1v5u3hpPmxlkWHw.jpg,/wTIiZa9Rib9UsrjRGs0swtIcRiY.jpg
330555,Ernest Collection,/m8CTuM76DbvFvpCHBepso5Bu7nw.jpg,/vTlcbHNWrAf77AZFDZ9yCjHm8ag.jpg
117927,House of the Dead Collection,/jZiLJV1yUez60J361t8fN2zDMEu.jpg,
107688,3 Men Collection,/4VcwlZQriG0qz0EY2jW9qmm0Hey.jpg,/fV5GFjIgNKfWKuT8WMj4F4Euat5.jpg
296872,See No Evil Collection,/kDZmPN6pdvQcoQHRtLcl3ZVfYbZ.jpg,
293981,Flowers in the Attic Collection,/d98HpD5u0xFk2comAq0I6F9zWNP.jpg,/xbYuLpKmkYjlbchOnEYeBVVrJUa.jpg
428046,Viy Collection,,
476054,The Hitcher (1986) Collection,/9GgPZiVFCdN7CkAbEb9fp950Ka5.jpg,/lyZWcLYvqRbo4emD8mQpBIirtBr.jpg
338416,Kirikou,/fHoLnl6dvXg0cE6o1rsSzK7mnzC.jpg,/hU0zpfe1KYBejhxI3DoEO2zQ3CX.jpg
167691,Trilogy of Life,/mpYnTCvugaQFVSCuhYapL58JKc2.jpg,/f855SLPBiPBOigC1Okh1ud6pE9Y.jpg
160727,Stomp the Yard Collection,/2qAqDHlxVS4wOf1Z8mBGpTgp7PB.jpg,
11794,Ginger Snaps Collection,/nqt1FUoBERJ98CbNM8NClg5Kknc.jpg,/gPzW1WAb9Pi1vj9JMxzi3DIhhO9.jpg
106000,Beastmaster Collection,/h2WbsEqvWpe3KvT2ArxS1ARSRDl.jpg,/AeXUmULuf1GFw2YyVbwpxTsTXH.jpg
8412,Anatomy Collection,/5cMGSefT2oJvzRNwX4IvZQOGO20.jpg,
182617,Elvira Collection,/vSXq0TqjCnHYVwcMUjRRjjWKfWG.jpg,/8XATqiEaC5Xgse6dCGyzvRFEOBH.jpg
196753,Ghost in the Shell: Arise,/zaN0EZ4f1b2jCtDj7mpVhPH9C9K.jpg,/18WkPWaXZICbwjJ4VojlwbBYq6D.jpg
124934,Alligator Collection,/5XOOxT9Lt8tIRahE5judKxjUjNE.jpg,
455123,Belle et Sébastien,/tbnHp7gW4THQt2n8QCahuLbTw1I.jpg,
175858,Hidden Collection,,
182923,Tetsuo Collection,/xkV5Xy4nKs6bk7ol4UoBInk2JVW.jpg,/6fCcJEC0orrFkIXd4NUxgVcyPK9.jpg
25542,An American Girl Collection,/5JpcRXXuFSgYUgtSKvcdQE9LaMS.jpg,/1jt2T8oHR1NlzXr7TmSp0Ly9m9D.jpg
363014,Like Mike Collection,,
23456,One Piece Collection,/nvAPotUDNcKStSOv2ojGZBNOX8A.jpg,/3RqSKjokWlXyTBUt3tcR9CrOG57.jpg
12077,St. Trinian's Collection,/siu1m6v3zhW0DM6w5qBvvc14eCf.jpg,/8ZB31bmNPtldnpm5anQlFHAnCe0.jpg
32153,Fallen Collection,/gZq2qb9Yog95VZillLbBTVfoOfZ.jpg,
279836,Herr Lehmann Filmreihe,/xAqvgzzaqvhgvgxFkWzPIzX8HOI.jpg,/9nRvHsJJ5FEmafQZn7VptvFe17l.jpg
212166,Puella Magi Madoka Magica: The Movie,/1NBengaYji0E1ak2Gqodpm3XAqI.jpg,/fYGcI54hJAUCQIWtKf1Dx8mCfib.jpg
44976,Dhoom Series,/qc1R0oO2tb7TFPiql7Aq6QoDwJp.jpg,
166379,Turbulence Collection,/zf9uc7kXnVnD75zwVYSzTdJKUUs.jpg,/7e6gGVQpTDKK54ByvBDjeqrm8au.jpg
39244,Digimon Collection,/eHRPNtZMjJKHosAMD87dn7HGM9r.jpg,/vfwyCkgzgoQ1l0trt7wIr77VL4Q.jpg
286023,Sharknado Collection,/l525ueVZgelZoCSMgPZKKOEJMEC.jpg,/iJ7pFCD0xNUHkbSoTY60CDGfRjQ.jpg
475802,Super Size Me Collection,,
388180,Ocho apellidos - Colección,/zfLbxPQVCeFyxgTOXsY7li7CN0b.jpg,
264437,My Bloody Valentine Collection,/hzu7n4cPnxh0VpBK4oWHb9Ol29G.jpg,
215452,Kokowääh Filmreihe,/u7lZO4IPVmrrB81SBw6ZPiXBz6c.jpg,/dpX2S0XrXOiUxDrPDmLrd5lRls8.jpg
205977,The Kingdom,/dkLr1dHWgJrxcSdOuZssDkYTeyg.jpg,
159603,Kidulthood Collection,/hQ5sNAjzzvG4hi3CymdY2LRqlZF.jpg,/nWby7b0qi20Cs5qfwwdVW56OImJ.jpg
122952,Vampire Hunter D Collection,/AcT6fikYZF8kssDI2TTtFBZumdI.jpg,/6BBMiJGgaWJJ023lcfn9cHyWvCM.jpg
259401,The Invisible Man (Universal Series),/fK4kwiFZ7fGzYMkUa826KGSPriF.jpg,/k5xCUEzPzNkiMmd7gkIGCo4VB8W.jpg
277739,"Heaven, Hell and Purgatory Collection",/uckGIB5UU6xQ9aQtVpNDgNgBmPJ.jpg,/10M9tkfCV65efgNVo5SWHW2Kipi.jpg
343477,Kusswechsel Filmreihe,,
159616,East is East Collection,/aCRRl0LNpFgkwyW66OlcdfwVUs3.jpg,/tx3cY0yY2xWIT1shMOTOLJH8Nx4.jpg
404111,100 Girls Collection,/zQlItcCt8mQ9rN1zURZQyyMSUVd.jpg,/ilSMj6jpCrYlxtj1RHdgMhBuFL1.jpg
272673,Cat People Collection,/boK1NQVpce9PS2K7pK0ARA6MCor.jpg,/mMN1S9UkPntpgD5NkzUqzPDCyMn.jpg
115840,Would I Lie to You? Collection,/zHNB1c9ABRWhMknTuUXvz2XtV9B.jpg,/wJueJlh2mzbZYkjgR7jNBDfIXG6.jpg
269190,The Ultimate Collection,,
283733,The Three Brothers Collection,/1vo4iv1xxW12iwM1S9YSSPmMVL6.jpg,
95891,In China They Eat Dogs Collection,/ws7sHs7oVSoVgrLTlEitJ2mJGR8.jpg,/jeH6MaDD1CnZ8TLupBAi0DYWn2F.jpg
93731,Waiting Collection,/2gOKaOLhI3vdaE6wO2VpsBa408K.jpg,
362554,Ex Collection,,
84923,The Orphic Trilogy,/uyQvmtIsVenjeDtOYGAtPlxvZpc.jpg,
108804,Outpost Collection,/xiAWTgzyb1TxW8kN05qiVKNJFxb.jpg,/7glOZjnZWYYcr67pvz3mSIYIBOC.jpg
41658,Fantozzi Collection,/m5pURXwh5fVdOG1vXvbKdJeW2hn.jpg,/h2L6fnTYieCrNscxbtjGG31lBRm.jpg
286935,Silence of God Trilogy by Ingmar Bergman,/te1zCOxStYeGE5DDwR8zcySYVTx.jpg,/n0NwpFndMGt7LL3ciCRaWyB0WRG.jpg
408196,Teen Beach Collection,/fGjxW0yhomeUY0t9amJ0Emn69cs.jpg,/jbZY7IPW6vTGkXKImYGBkI24X9j.jpg
386818,Django - Original films,/jvzJLNcftgLV40upfMozhJRKdvl.jpg,/kzM0t0wok7gMsRPTxS8a0JuTcGW.jpg
150954,My Friends Collection,/be9rfBb0lKKj9bAj4So5uBUizWo.jpg,/qQNZQpqljEzYjUwE5roT4THfv3I.jpg
479549,Joséphine - Saga,/yxp6kDbIAbDzyoUkAONISnc2Zfj.jpg,/29ETFnPUNcsH9r7MflZ3Op0APJi.jpg
256433,Dabangg Collection,/jTL5XXcOfKVk3BitY4z9e04RMrR.jpg,
107469,Save The Last Dance Collection,/jAByXoHn29RlCjIrOa3k1jl60DB.jpg,
267922,The Hills Have Eyes (Original) Collection,/AbGcpZEihHoR0M7Ls2qTPX4HF60.jpg,/3Tezeh4KTsqPqFKqatjtd3cAjMk.jpg
96682,Zeitgeist Collection,/zegp5qMeFmJY6ImUllNKDFCNSwD.jpg,
113679,Design Trilogy,/5QFBsCS8xpZReVuabKN5k3nheWR.jpg,
330075,Little Witch Academia Collection,/h7QRVD4oqpoS1eKzaCdxcq36FKc.jpg,/6unyFHjrCtPzY5e7iB7yvA6IDN9.jpg
403603,La Tour Infernale,/7CnmfUxDd424d0ohOdv9fti7txA.jpg,/pVaoLZvQ03Sr3KBItIbI8tHg8qm.jpg
340623,The Gate Collection,/89oZitdH02NTV7VxKLOmFh427pT.jpg,/qqE3mix2IqkZivHf2MyfjpCajrD.jpg
44913,Ghoulies Collection,/1fi1IXm3igboWBjrnyWQnvwsmLC.jpg,/h9pZnjShhHf5h9MaEWg2RPkrgsf.jpg
391739,Cirque du Soleil Collection,/nXome5ObjbFONvQkfCu2kgsNcaR.jpg,/mkMeDXskWSSMGdgAcQQlc6LcjqA.jpg
157504,Walking Tall Original Collection,/gHavKYvj6kxw5W2kOlW4bXVUIsq.jpg,/rytpvFYMsSPPkbjnrXvL7tcG4nf.jpg
144146,Lemmy Caution Collection,/uhLJqJT2nC0CL4AnC6FNH1AolH5.jpg,/m8ENhvf3ZL295uPZKVzQQE6Wruq.jpg
286006,Rest Stop Collection,/uPZ1ixfTheaX5JfvYt5fMzSBCFl.jpg,/qmQgkR0wGW0taeqXcBKVWmiVOHC.jpg
449750,Fanny Brice Collection,,
243811,Paradise Trilogy,/voylusyFQZJV3DsDH7sJIZZxe7c.jpg,
201778,Dorm Daze Collection,/zw4H0deFWWoktReTmiRSdLYj3F9.jpg,/pkRyV44Zyn6KOySQQT9DHbAhT8D.jpg
285130,2001 Maniacs Collection,/31dUYbRR7tzfzgUy6koBXfmrOaU.jpg,
295777,Korengal Valley Documentaries,/yyODBkU2sYiOcnWgZ8q3dOuELJk.jpg,/gfrx02KeL8lPDAmjdow2ENrCLvL.jpg
294834,Vixens Collection,/yWIVyrHMJkRl9zhxexZSUXyXtIN.jpg,
412736,Rare Exports Collection,/6CjWXoYdgqPtC41cDzW9YoWJyB1.jpg,/oUOWdFm3Jf0SNv7spQYPnDEnYsA.jpg
